College Name,Private,Apps,Accept,Enroll,Top10perc,Top25perc,F.Undergrad,P.Undergrad,Outstate,Room.Board,Books,Personal,PhD,Terminal,S.F.Ratio,perc.alumni,Expend,Grad.Rate,Total_Cost,Acceptance_Rate,Faculty_Quality_Index,Student_Success_Index,Region,College_Size,Funding_Type,Academic_Standing
Abilene Christian University,Yes,1660.0,1232,721,23.0,52,2885,537,7440.0,3300.0,450,2200,70.0,78.0,18.1,12,7041.0,150,13390,0.742168675,63.8,43.61398732,South,Medium,Public,Low
Adelphi University,Yes,2186.0,1924,512,16.0,29,2683,1227,12280.0,6450.0,750,1500,29.0,30.0,12.2,16,10527.0,56,20980,2.5,26.8,33.44957253,Northeast,Medium,Public,Low
Adrian College,Yes,-500.0,1097,336,22.0,50,1036,99,11250.0,3750.0,400,1165,53.0,66.0,12.9,30,8735.0,54,16565,0.768207283,52.0,41.35988511,Midwest,Small,Religious,Low
Agnes Scott College,Yes,417.0,349,137,60.0,89,510,63,12960.0,5450.0,450,875,92.0,97.0,7.7,37,19016.0,59,19735,0.836930456,87.6,35.39260466,Midwest,Small,Public,Low
Alaska Pacific University,Yes,193.0,146,55,16.0,44,249,869,7560.0,4200.0,800,1500,75.0,72.0,11.9,2,10922.0,15,9860,0.756476684,62.0,7.668525422,Midwest,Small,Private,Low
Albertson College,Yes,587.0,479,158,23.0,62,678,41,13500.0,3335.0,500,675,67.0,73.0,13.6,11,9727.0,55,18010,0.816013629,60.6,35.37698296,West,Small,Religious,Low
Albertus Magnus College,Yes,353.0,340,103,17.0,45,416,230,13290.0,5720.0,500,1500,90.0,93.0,11.5,26,8861.0,63,21010,0.963172805,76.6,50.72573364,Midwest,Small,Public,Medium
Albion College,Yes,1899.0,1720,489,37.0,68,1594,32,13868.0,4826.0,450,850,89.0,100.0,13.7,37,11487.0,73,19994,0.905739863,83.0,52.75144973,Northeast,Small,Private,Medium
Albright College,Yes,1038.0,839,227,30.0,63,973,306,15595.0,4400.0,300,500,79.0,84.0,11.3,23,11644.0,80,20795,0.808285164,71.2,54.94133099,Northeast,Small,Private,High
Alderson-Broaddus College,Yes,582.0,498,172,21.0,44,799,78,10468.0,3380.0,660,1800,40.0,41.0,11.5,15,8991.0,52,16308,0.855670103,36.6,38.89359721,Northeast,Small,Private,Low
Alfred University,Yes,1732.0,1425,472,37.0,75,1830,110,16548.0,5406.0,500,600,82.0,88.0,11.3,31,10932.0,73,23054,0.822748268,75.4,40.56403826,Northeast,Small,Public,Medium
Allegheny College,Yes,2652.0,1900,484,44.0,77,1707,44,17080.0,4440.0,400,600,73.0,91.0,9.9,41,11711.0,76,22520,0.716440422,74.4,52.98433205,South,Small,Public,High
Allentown Coll. of St. Francis de Sales,Yes,1179.0,780,290,38.0,64,1130,638,9690.0,4785.0,600,1000,60.0,84.0,13.3,21,7940.0,74,16075,0.661577608,65.2,61.78757089,Midwest,Small,Public,Medium
Alma College,Yes,1267.0,1080,385,44.0,73,1306,28,12572.0,4552.0,400,400,75.0,87.0,15.3,32,9305.0,68,17924,0.852407261,73.6,48.26173253,Midwest,Small,Private,Medium
Alverno College,Yes,494.0,313,157,23.0,46,1317,1235,9998.0,3640.0,650,2449,36.0,69.0,11.1,26,8127.0,55,6739,0.633603239,46.6,38.83956585,West,Small,Private,Low
American International College,Yes,1420.0,1093,220,9.0,22,1018,287,8700.0,4780.0,450,1400,78.0,84.0,14.7,19,7355.0,69,15330,0.76971831,66.6,51.0406419,South,Small,Public,Medium
Amherst College,Yes,4302.0,992,418,83.0,96,1593,5,19760.0,4200.0,660,1598,93.0,98.0,8.4,63,21424.0,100,22018,0.230590423,93.0,74.47802622,Northeast,Small,Public,Elite
Anderson University,Yes,1216.0,908,423,19.0,40,1819,281,10100.0,3520.0,550,1100,48.0,61.0,12.1,14,7994.0,59,15270,0.746710526,47.4,31.31266654,Midwest,Small,Religious,Low
Andrews University,Yes,1130.0,704,322,14.0,23,1586,326,9996.0,3090.0,900,1320,62.0,66.0,11.5,18,10908.0,46,15306,0.62300885,54.0,23.78836759,Midwest,Small,Public,Low
Angelo State University,No,3540.0,2001,1016,24.0,54,4190,1512,5130.0,3592.0,500,2000,60.0,62.0,23.1,5,4010.0,34,11222,0.565254237,53.6,24.85145646,West,Medium,Public,Low
Antioch University,Yes,713.0,661,252,25.0,44,712,23,15476.0,3336.0,400,1100,69.0,82.0,11.3,35,42926.0,48,20312,0.927068724,65.4,30.02561719,Midwest,Small,Private,Low
Appalachian State University,No,7313.0,4664,1910,20.0,63,9940,1035,6806.0,2540.0,96,2000,83.0,96.0,18.3,14,5854.0,70,11442,0.637768358,75.6,55.56012631,Northeast,Large,Public,Medium
Aquinas College,Yes,619.0,516,219,20.0,51,1251,767,11208.0,4124.0,350,1615,55.0,65.0,12.7,25,6584.0,65,17297,0.833602585,52.0,43.92412805,South,Small,Public,Medium
Arizona State University Main campus,No,12809.0,10308,3761,24.0,49,22593,7585,9998.0,4200.0,700,2100,75.0,82.0,18.9,5,8415.0,48,15084,0.804746663,77.2,23.92734632,Midwest,Large,Private,Low
Arkansas College (Lyon College),Yes,708.0,334,166,46.0,74,530,182,8644.0,3922.0,500,800,79.0,88.0,12.6,24,14579.0,54,13866,0.471751412,76.0,31.45993042,Northeast,Small,Public,Low
Arkansas Tech University,No,1734.0,1729,951,12.0,52,3602,939,3460.0,2650.0,450,1000,57.0,60.0,19.6,5,4739.0,48,7560,0.997116494,49.2,19.8516199,South,Medium,Private,Low
Assumption College,Yes,2135.0,1700,491,23.0,59,1708,689,12000.0,5920.0,500,500,93.0,93.0,13.8,30,7100.0,88,18920,0.796252927,79.0,60.42937231,Northeast,Small,Private,High
Auburn University-Main Campus,No,7548.0,6791,3070,25.0,57,16262,1716,6300.0,4200.0,600,1908,85.0,91.0,16.7,18,6642.0,69,8808,0.899708532,75.4,47.35807936,West,Large,Private,Medium
Augsburg College,Yes,662.0,513,257,23.0,30,2074,726,11902.0,4372.0,540,950,65.0,65.0,12.8,31,7836.0,58,17764,0.774924471,56.6,38.47768645,West,Medium,Public,Low
Augustana College IL,Yes,1879.0,1658,497,36.0,69,1950,38,13353.0,4173.0,540,821,78.0,83.0,12.7,40,9220.0,71,18887,0.882384247,71.6,55.0943952,Midwest,Small,Private,Medium
Augustana College,Yes,761.0,725,306,21.0,58,1337,300,10990.0,3244.0,600,1021,66.0,70.0,10.4,30,6871.0,69,15855,0.952693824,58.6,54.29259918,South,Small,Public,Medium
Austin College,Yes,948.0,798,295,42.0,74,1120,15,11280.0,4342.0,400,1150,81.0,95.0,13.0,33,11361.0,71,17172,0.841772152,78.8,48.84805788,South,Small,Private,Medium
Averett College,Yes,627.0,556,172,16.0,40,777,538,9998.0,4135.0,750,1350,59.0,67.0,13.6,11,6523.0,48,6235,0.88676236,53.6,22.92653166,South,Small,Public,Low
Baker University,Yes,602.0,483,206,21.0,47,958,466,8620.0,4200.0,400,2250,58.0,68.0,11.0,21,6136.0,65,11270,0.802325581,54.6,48.5864079,Northeast,Small,Private,Medium
Baldwin-Wallace College,Yes,1690.0,1366,662,30.0,61,2718,1460,10995.0,4410.0,1000,1000,68.0,74.0,17.6,20,8086.0,85,17405,0.808284024,62.8,62.27680114,Midwest,Medium,Public,High
Barat College,Yes,261.0,192,111,15.0,36,453,266,9690.0,4300.0,500,500,57.0,77.0,9.7,35,9337.0,71,14990,0.735632184,56.6,51.24695785,Northeast,Small,Public,Medium
Bard College,Yes,1910.0,838,285,50.0,85,1004,15,19264.0,6206.0,750,750,98.0,98.0,10.4,30,13894.0,79,26970,0.438743455,88.4,60.20739875,South,Small,Private,High
Barnard College,Yes,2496.0,1402,531,53.0,95,2121,69,17926.0,8124.0,600,850,83.0,93.0,13.6,33,12580.0,91,27500,0.561698718,81.0,57.87585952,Northeast,Medium,Public,Elite
Barry University,Yes,990.0,784,279,18.0,45,1811,3144,11290.0,5360.0,7000,1800,76.0,78.0,12.6,11,9084.0,72,25450,0.791919192,65.2,60.44377693,South,Small,Public,Medium
Baylor University,Yes,6075.0,5349,2367,34.0,66,9919,484,9998.0,4200.0,600,1346,75.0,82.0,18.5,38,8415.0,72,12316,0.880493827,65.6,45.60286123,South,Large,Private,Medium
Beaver College,Yes,1163.0,850,348,23.0,56,878,519,12850.0,5400.0,400,800,78.0,89.0,12.2,30,8954.0,73,19450,0.730868444,71.4,54.84611464,West,Small,Private,Medium
Bellarmine College,Yes,807.0,707,308,39.0,63,1198,605,8840.0,2950.0,750,1290,74.0,82.0,13.1,31,6668.0,84,13830,0.876084263,70.2,50.36326153,Midwest,Small,Public,High
Belmont Abbey College,Yes,632.0,494,129,17.0,36,709,131,9000.0,4850.0,300,2480,78.0,85.0,13.2,10,7550.0,52,16630,0.78164557,68.6,31.74867656,Northeast,Small,Religious,Low
Belmont University,Yes,1220.0,974,481,28.0,67,1964,623,7800.0,3664.0,650,900,61.0,61.0,11.1,19,7614.0,49,13014,0.798360656,54.4,41.88184323,South,Small,Private,Low
Beloit College,Yes,1320.0,923,284,26.0,54,1085,81,16304.0,3616.0,355,715,87.0,95.0,11.1,26,12957.0,69,20990,0.699242424,78.0,46.99550088,Northeast,Small,Religious,Medium
Bemidji State University,No,1208.0,877,546,12.0,36,3796,824,4425.0,2700.0,660,1800,57.0,62.0,19.6,16,3752.0,46,9585,0.725993377,50.0,36.39961303,Northeast,Medium,Private,Low
Benedictine College,Yes,632.0,620,222,14.0,24,702,501,9550.0,3850.0,350,250,64.0,84.0,14.1,18,5922.0,58,14000,0.981012658,62.0,41.78477694,West,Small,Private,Low
Bennington College,Yes,519.0,327,114,25.0,53,457,2,21700.0,4100.0,600,500,35.0,59.0,10.1,33,16364.0,55,26900,0.630057803,42.6,37.97520922,West,Small,Private,Low
Bentley College,Yes,3466.0,2330,640,20.0,60,3095,1533,13800.0,5510.0,630,850,87.0,87.0,17.5,20,10941.0,82,20790,0.672244662,73.6,64.21925162,South,Medium,Private,High
Berry College,Yes,1549.0,1221,480,37.0,68,1620,49,8050.0,3940.0,350,2375,80.0,80.0,16.3,17,10511.0,63,14715,0.779156328,71.4,42.91670588,West,Small,Religious,Medium
Bethany College,Yes,878.0,816,200,16.0,41,706,62,8740.0,3363.0,550,1700,62.0,68.0,11.6,29,7718.0,48,14353,0.929384966,55.2,24.69630946,Northeast,Small,Public,Low
Bethel College KS,Yes,202.0,184,122,19.0,42,537,101,8540.0,3580.0,500,1400,61.0,80.0,8.8,32,8324.0,56,14020,0.910891089,60.2,35.18379954,Northeast,Small,Public,Low
Bethel College,Yes,502.0,384,104,11.0,28,347,74,6200.0,2900.0,600,800,63.0,63.0,11.7,13,7623.0,35,10500,0.764940239,52.6,27.25595864,Midwest,Small,Public,Low
Bethune Cookman College,Yes,1646.0,1150,542,12.0,30,2128,82,5188.0,3396.0,650,2500,48.0,48.0,13.8,9,6817.0,58,11734,0.698663426,40.8,42.57754553,Northeast,Medium,Religious,Low
Birmingham-Southern College,Yes,805.0,588,287,67.0,88,1376,207,11660.0,4325.0,400,900,74.0,79.0,14.0,34,8649.0,72,17285,0.730434783,74.6,42.56470875,West,Small,Public,Medium
Blackburn College,Yes,500.0,336,156,25.0,55,421,27,6500.0,2700.0,500,1000,76.0,76.0,14.3,53,8377.0,51,10700,0.672,65.8,32.0782874,Northeast,Small,Private,Low
Bloomsburg Univ. of Pennsylvania,No,6773.0,3028,1025,15.0,55,5847,946,7844.0,2948.0,500,1680,66.0,68.0,18.0,19,7041.0,125,12972,0.447069246,56.6,84.59139325,South,Medium,Private,Low
Bluefield College,Yes,377.0,358,181,15.0,30,653,129,7150.0,4350.0,450,1500,61.0,67.0,17.8,3,6259.0,53,13450,0.949602122,54.2,35.27265203,West,Small,Religious,Low
Bluffton College,Yes,692.0,514,209,20.0,50,760,81,9998.0,3990.0,400,900,76.0,71.0,13.3,19,9073.0,58,5290,0.742774566,62.8,33.72043206,South,Small,Public,Low
Boston University,Yes,20192.0,13007,3810,45.0,80,14971,3113,18420.0,6810.0,475,1025,80.0,81.0,11.9,16,16836.0,72,26730,0.644166006,73.4,47.25814446,Northeast,Large,Private,Medium
Bowdoin College,Yes,3356.0,1019,418,23.0,100,1490,8,19030.0,5885.0,1495,875,93.0,96.0,11.2,52,20447.0,96,27285,0.30363528,80.2,63.55694757,Midwest,Small,Religious,Elite
Bowling Green State University,No,9251.0,7333,3076,14.0,45,13699,1213,7452.0,3352.0,600,1700,81.0,89.0,21.1,14,6918.0,67,13104,0.792671063,70.8,50.7576663,South,Large,Public,Medium
Bradford College,Yes,443.0,330,151,5.0,36,453,42,14080.0,6270.0,500,900,57.0,80.0,10.2,21,15387.0,46,21750,0.744920993,55.8,36.24560655,West,Small,Private,Low
Bradley University,Yes,3767.0,3414,1061,30.0,58,4531,643,10870.0,4440.0,2000,1522,75.0,81.0,14.4,21,7671.0,85,18832,0.906291479,68.4,58.77094771,Midwest,Medium,Public,High
Brandeis University,Yes,1549.0,2743,740,48.0,77,2819,62,19380.0,6750.0,410,1000,90.0,97.0,9.8,24,17150.0,84,27540,0.779156328,84.4,56.83980102,Midwest,Medium,Private,High
Brenau University,Yes,367.0,274,158,12.0,41,917,479,9998.0,5879.0,500,700,71.0,80.0,13.7,12,120000.0,49,7079,0.746594005,62.8,34.99962156,West,Small,Private,Low
Brewton-Parker College,Yes,1549.0,1228,1202,10.0,26,1320,822,9998.0,4200.0,500,2000,75.0,82.0,12.6,10,8415.0,18,9241,0.779156328,51.6,8.517124463,West,Small,Public,Low
Briar Cliff College,Yes,392.0,351,155,16.0,44,738,430,9998.0,4200.0,600,1500,75.0,82.0,13.1,26,8415.0,58,15957,0.895408163,45.2,34.86583959,Midwest,Small,Public,Low
Bridgewater College,Yes,838.0,673,292,22.0,53,881,55,10265.0,4200.0,560,875,68.0,73.0,13.2,24,8655.0,82,11700,0.803102625,60.8,52.69889396,Northeast,Small,Public,High
Brigham Young University at Provo,Yes,7365.0,5402,4615,48.0,82,27378,1253,2340.0,3580.0,860,1220,76.0,76.0,20.5,40,7916.0,33,8000,0.733469111,70.4,19.92593418,South,Large,Public,Low
Brown University,Yes,1549.0,3239,1462,23.0,95,5643,349,19528.0,5926.0,720,1100,99.0,100.0,7.6,39,20440.0,97,27274,0.779156328,84.2,62.082631,West,Medium,Private,Elite
Bryn Mawr College,Yes,1549.0,810,313,71.0,95,1088,16,9998.0,6750.0,500,1200,100.0,100.0,12.3,49,17449.0,89,8450,0.779156328,94.2,63.1102978,West,Small,Public,High
Bucknell University,Yes,6548.0,3813,862,49.0,85,3316,31,9998.0,4200.0,800,1200,95.0,97.0,14.2,36,13675.0,93,2000,0.582315211,86.6,68.74857837,Midwest,Medium,Public,Elite
Buena Vista College,Yes,860.0,688,285,32.0,70,1928,442,13306.0,3797.0,5000,950,62.0,69.0,8.8,10,150000.0,78,23053,0.8,58.8,46.6645085,Northeast,Small,Private,High
Butler University,Yes,2362.0,2037,700,40.0,68,2607,148,13130.0,4650.0,500,1600,77.0,81.0,10.9,29,9511.0,83,19880,0.862404742,71.2,58.22564356,South,Medium,Private,High
Cabrini College,Yes,599.0,494,224,8.0,28,1035,446,10518.0,6250.0,300,300,59.0,76.0,16.5,36,7117.0,71,17368,0.824707846,55.6,48.60032102,West,Small,Private,Medium
Caldwell College,Yes,1011.0,604,213,17.0,42,693,868,8900.0,4200.0,425,1000,87.0,96.0,13.9,25,7922.0,55,10325,0.597428289,76.6,40.20754343,West,Small,Religious,Low
California Lutheran University,Yes,563.0,247,247,23.0,52,1427,432,12950.0,4200.0,612,576,75.0,74.0,12.4,17,8985.0,60,14138,0.438721137,64.2,41.93530616,Northeast,Small,Public,Low
California Polytechnic-San Luis,No,7811.0,3817,1650,47.0,73,12911,1404,9998.0,4200.0,612,2091,75.0,82.0,13.6,13,8415.0,59,14960,0.488669825,70.6,34.0320036,Midwest,Large,Private,Low
California State University at Fresno,No,4540.0,3294,1483,5.0,60,13494,1254,7706.0,4368.0,600,1926,90.0,90.0,21.2,8,7268.0,61,14600,0.725550661,73.0,36.38805351,Midwest,Large,Public,Medium
Calvin College,Yes,1784.0,1512,913,29.0,56,3401,136,10230.0,3710.0,400,1210,75.0,81.0,14.8,41,7786.0,81,15550,0.847533632,68.2,56.84711788,Northeast,Medium,Private,High
Campbell University,Yes,2087.0,1339,657,20.0,54,3191,1204,7550.0,2790.0,600,500,77.0,77.0,21.8,34,3739.0,63,11440,0.6415908,65.6,49.2439046,West,Medium,Religious,Medium
Campbellsville College,Yes,848.0,587,298,25.0,55,935,184,6060.0,3070.0,600,1300,75.0,66.0,17.7,13,5391.0,49,11030,0.692216981,61.4,23.22906314,Northeast,Small,Private,Low
Canisius College,Yes,2853.0,2193,753,16.0,34,2978,434,10750.0,5340.0,400,1130,90.0,92.0,14.6,26,7972.0,64,17620,0.768664564,76.0,46.5286329,South,Medium,Private,Medium
Capital University,Yes,1747.0,1382,449,34.0,66,1662,960,13050.0,4200.0,500,800,64.0,69.0,12.1,27,9557.0,83,14350,0.791070406,60.0,64.04811003,West,Small,Private,High
Capitol College,Yes,100.0,90,35,10.0,52,282,331,8400.0,2812.0,300,2134,10.0,50.0,12.1,24,7976.0,52,13646,0.9,26.0,35.63487062,South,Small,Public,Low
Carleton College,Yes,2694.0,1579,489,75.0,93,1870,12,19292.0,3957.0,550,550,81.0,93.0,10.4,60,17960.0,91,24349,0.586117298,84.6,66.45101248,West,Small,Private,Elite
Carnegie Mellon University,Yes,8728.0,5201,1191,23.0,89,4265,291,17900.0,5690.0,450,1250,86.0,93.0,9.2,31,24386.0,74,25290,0.595898258,76.2,48.2846546,Midwest,Medium,Private,Medium
Carroll College,Yes,1160.0,991,352,19.0,55,1357,737,12200.0,4200.0,480,930,75.0,81.0,17.8,25,7666.0,79,13610,0.854310345,66.2,54.703169,West,Small,Religious,High
Carson-Newman College,Yes,1096.0,951,464,27.0,62,1776,239,8150.0,3150.0,400,500,61.0,62.0,13.6,16,6716.0,67,12200,0.86770073,54.6,38.79543241,Midwest,Small,Private,Medium
Carthage College,Yes,1616.0,1427,434,20.0,43,1405,580,13125.0,3775.0,500,25000,74.0,89.0,15.9,22,7364.0,62,42400,0.883044554,69.2,31.67828346,Northeast,Small,Public,Medium
Case Western Reserve University,Yes,3877.0,3156,713,71.0,93,3051,513,15700.0,4730.0,525,1460,75.0,95.0,2.9,29,19733.0,67,22415,0.814031468,82.2,51.61382901,Midwest,Medium,Private,Medium
Castleton State College,No,1257.0,940,363,9.0,22,1547,294,7656.0,4690.0,400,25000,89.0,91.0,14.7,8,6318.0,79,37746,0.747812251,73.8,50.37502536,Midwest,Small,Public,High
Catawba College,Yes,1083.0,880,291,13.0,34,915,80,9270.0,4100.0,600,1860,75.0,82.0,13.5,27,8425.0,55,15830,0.81255771,65.4,36.22236077,South,Small,Public,Low
Catholic University of America,Yes,1754.0,1465,505,24.0,49,2159,211,13712.0,6408.0,526,1100,90.0,96.0,9.3,18,12751.0,75,21746,0.835233751,79.2,45.56778873,Midwest,Medium,Public,Medium
Cazenovia College,Yes,3847.0,3433,527,9.0,35,1010,12,9998.0,4840.0,600,500,22.0,47.0,14.3,20,7697.0,118,5940,0.892383676,29.4,75.55015148,Midwest,Small,Private,Low
Cedar Crest College,Yes,1549.0,607,198,25.0,58,791,764,14340.0,5285.0,500,1000,58.0,83.0,11.7,39,10961.0,74,21125,0.779156328,61.4,50.9308115,Midwest,Small,Public,Medium
Cedarville College,Yes,1307.0,1090,616,25.0,55,2196,82,7344.0,4410.0,570,1000,50.0,52.0,15.3,34,6897.0,64,13324,0.833970926,45.8,41.15211403,Midwest,Medium,Public,Medium
Centenary College,Yes,369.0,312,90,12.0,46,396,526,11400.0,4200.0,500,760,41.0,85.0,9.5,20,9583.0,24,12660,0.845528455,52.8,18.68985499,South,Small,Public,Low
Centenary College of Louisiana,Yes,495.0,434,210,35.0,55,775,44,8950.0,3490.0,600,1900,86.0,92.0,11.3,25,9685.0,66,14940,0.876767677,78.2,48.46269209,Midwest,Small,Religious,Medium
Center for Creative Studies,Yes,601.0,396,203,1.0,20,525,323,11230.0,6643.0,2340,620,8.0,58.0,6.8,4,13025.0,47,20833,0.65890183,26.6,34.50424823,West,Small,Private,Low
Central College,Yes,1283.0,1113,401,31.0,65,1355,40,10938.0,3660.0,650,600,76.0,90.0,13.5,29,8444.0,67,15848,0.867498051,72.6,48.09300395,Midwest,Small,Public,Medium
Central Connecticut State University,No,4158.0,2532,902,6.0,24,6394,3881,5962.0,4200.0,500,985,69.0,73.0,16.7,4,4900.0,49,7447,0.608946609,58.0,42.18884102,West,Medium,Public,Low
Central Missouri State University,No,4681.0,4101,1436,23.0,35,8094,1596,4620.0,3288.0,300,2250,75.0,80.0,19.7,4,5501.0,50,10458,0.876094852,66.6,29.66203115,Midwest,Large,Private,Low
Central Washington University,No,2785.0,2011,1007,8.0,65,6507,898,7242.0,3603.0,654,1416,67.0,89.0,18.1,0,6413.0,51,12915,0.722082585,64.0,35.42532567,Northeast,Medium,Public,Low
Central Wesleyan College,Yes,174.0,146,88,23.0,29,1047,33,8300.0,3080.0,600,600,62.0,62.0,15.2,18,3365.0,58,12580,0.83908046,54.2,46.2634491,Northeast,Small,Private,Low
Centre College,Yes,1013.0,888,288,55.0,82,943,7,11850.0,4270.0,600,900,95.0,99.0,11.4,60,13118.0,74,17620,0.876604146,88.6,58.12269905,West,Small,Public,Medium
Chapman University,Yes,959.0,771,351,23.0,48,1662,209,9998.0,5895.0,600,25000,72.0,80.0,12.8,6,12692.0,47,31495,0.803962461,65.4,25.79118175,West,Small,Religious,Low
Chatham College,Yes,212.0,197,91,28.0,56,471,148,13500.0,5230.0,400,850,95.0,98.0,9.3,37,16095.0,52,19980,0.929245283,82.8,34.83822279,Northeast,Small,Public,Low
Chestnut Hill College,Yes,342.0,254,126,25.0,64,518,232,9998.0,4200.0,700,850,75.0,82.0,8.3,29,8415.0,73,16900,0.742690058,61.8,57.89060548,South,Small,Private,Medium
Christendom College,Yes,81.0,72,51,33.0,71,139,3,8730.0,3600.0,400,800,92.0,92.0,9.3,17,10922.0,58,13530,0.888888889,80.2,43.14039553,South,Small,Public,Low
Christian Brothers University,Yes,880.0,520,224,16.0,42,1068,364,9300.0,3260.0,600,900,81.0,81.0,11.1,24,8129.0,63,14060,0.590909091,68.0,45.07631516,Northeast,Small,Religious,Medium
Christopher Newport University,No,883.0,766,428,3.0,37,2910,1749,7860.0,4750.0,525,1889,80.0,82.0,21.2,16,4639.0,48,15024,0.867497169,65.4,32.51157653,Midwest,Medium,Religious,Low
Claflin College,Yes,1196.0,697,499,21.0,47,959,13,4412.0,4200.0,500,1000,69.0,69.0,16.9,31,7083.0,21,5912,0.58277592,59.4,12.78099537,South,Small,Private,Low
Claremont McKenna College,Yes,1860.0,767,227,71.0,93,887,1,17000.0,6010.0,500,850,99.0,99.0,9.6,52,18443.0,87,24360,0.412365591,93.4,62.34109532,West,Small,Private,High
Clark University,Yes,2887.0,2059,457,30.0,61,1928,296,17500.0,4200.0,500,950,94.0,95.0,10.5,35,11951.0,79,23150,0.71319709,81.6,54.03812938,West,Small,Public,High
Clarke College,Yes,460.0,340,167,23.0,45,604,350,10740.0,3676.0,350,900,67.0,71.0,11.0,27,7963.0,74,15666,0.739130435,59.8,51.58710689,Northeast,Small,Private,Medium
Clarkson University,Yes,2174.0,1953,557,35.0,68,2332,53,15960.0,5580.0,700,1300,95.0,95.0,15.8,32,11659.0,77,23540,0.898344066,83.0,54.29299353,Northeast,Medium,Private,High
Clemson University,No,8065.0,5257,2301,37.0,65,11755,770,8116.0,3610.0,800,1618,82.0,88.0,18.0,17,7597.0,73,14144,0.65182889,75.4,47.70964236,Midwest,Large,Public,Medium
Clinch Valley Coll. of  the Univ. of Virginia,No,689.0,561,250,15.0,30,1125,422,7168.0,3689.0,600,1900,67.0,67.0,18.1,9,4417.0,46,13357,0.814223512,56.6,34.86064687,Northeast,Small,Private,Low
Coe College,Yes,1006.0,742,275,29.0,60,1127,205,13925.0,4390.0,500,2200,73.0,86.0,12.7,32,10141.0,67,21015,0.737574553,69.4,61.47122324,South,Small,Private,Medium
Coker College,Yes,604.0,452,295,15.0,47,690,222,9888.0,4502.0,400,1000,64.0,77.0,12.1,39,8741.0,75,15790,0.748344371,59.4,43.6150668,Northeast,Small,Private,Medium
Colby College,Yes,2848.0,1319,456,58.0,84,1720,35,18930.0,4200.0,500,1000,75.0,94.0,10.2,41,15954.0,91,20430,0.463132022,79.2,65.32006262,Northeast,Small,Private,Elite
Colgate University,Yes,4856.0,2492,727,46.0,75,2649,25,19510.0,5565.0,500,750,95.0,98.0,10.5,45,15494.0,93,26325,0.513179572,86.4,61.29904956,Northeast,Medium,Private,Elite
College Misericordia,Yes,1432.0,888,317,29.0,58,1121,493,10860.0,5760.0,550,900,56.0,62.0,12.9,23,8604.0,96,18070,0.620111732,53.0,70.08701289,Midwest,Small,Private,Elite
College of Charleston,No,4772.0,3140,1265,22.0,55,6851,1200,6120.0,3460.0,666,2316,73.0,78.0,17.2,18,4776.0,51,12562,0.658005029,64.8,35.93278737,West,Medium,Public,Low
College of Mount St. Joseph,Yes,798.0,620,238,14.0,41,1165,1232,9800.0,4430.0,400,1150,46.0,46.0,11.1,35,6889.0,100,15780,0.776942356,39.6,73.80927387,Northeast,Small,Public,Elite
College of Mount St. Vincent,Yes,946.0,648,177,23.0,46,707,432,11790.0,5770.0,500,1000,75.0,77.0,11.9,35,10015.0,83,19060,0.684989429,65.4,63.97753288,West,Small,Public,High
College of Notre Dame,Yes,344.0,264,97,11.0,42,500,331,12600.0,5520.0,630,2250,77.0,80.0,10.4,7,9773.0,43,21000,0.76744186,65.0,31.06210559,Midwest,Small,Private,Low
College of Notre Dame of Maryland,Yes,457.0,356,177,35.0,61,667,1983,11180.0,5620.0,600,700,64.0,64.0,11.5,32,7477.0,75,18100,0.778993435,58.2,58.16026144,Northeast,Small,Public,Medium
College of Saint Benedict,Yes,938.0,864,511,29.0,62,1715,103,12247.0,4221.0,7000,600,70.0,88.0,13.1,26,8847.0,72,24068,0.921108742,69.0,38.67851053,Midwest,Small,Public,Medium
College of Saint Catherine,Yes,511.0,411,186,23.0,51,1692,562,12224.0,4440.0,450,1000,63.0,87.0,11.5,32,7315.0,77,18114,0.804305284,64.6,61.85226149,South,Small,Public,High
College of Saint Elizabeth,Yes,444.0,359,122,34.0,53,493,968,10900.0,5250.0,380,1000,68.0,70.0,11.4,23,9447.0,78,17530,0.808558559,62.0,56.47531076,Northeast,Small,Public,High
College of Saint Rose,Yes,983.0,664,249,23.0,57,1698,894,9998.0,5666.0,800,1500,66.0,71.0,14.3,28,6084.0,64,7966,0.675483215,59.4,50.18921678,Northeast,Small,Private,Medium
College of Santa Fe,Yes,546.0,447,189,16.0,42,873,683,11138.0,4200.0,600,1200,75.0,74.0,14.0,7,8820.0,80,12938,0.818681319,62.8,49.90062128,West,Small,Public,High
College of St. Joseph,Yes,141.0,118,55,12.0,21,201,173,8300.0,4850.0,450,1300,53.0,53.0,9.5,19,6936.0,76,14900,0.836879433,44.8,49.04615059,South,Small,Public,High
College of St. Scholastica,Yes,672.0,596,278,29.0,60,1350,275,11844.0,3696.0,450,1146,54.0,76.0,11.6,33,8996.0,72,17136,0.886904762,57.8,51.12969147,Midwest,Small,Private,Medium
College of the Holy Cross,Yes,2994.0,1691,659,70.0,95,2675,22,18000.0,6300.0,400,900,92.0,96.0,11.3,55,12138.0,110,25600,0.564796259,89.2,76.91481055,West,Medium,Public,Low
College of William and Mary,No,7117.0,3106,1217,68.0,88,5186,134,11720.0,4298.0,600,800,89.0,92.0,13.6,31,9534.0,93,17418,0.43641984,86.0,66.51534294,West,Medium,Public,Elite
College of Wooster,Yes,1549.0,1883,553,29.0,65,1704,1,9998.0,4690.0,500,500,84.0,96.0,11.1,43,14140.0,69,5690,0.779156328,77.8,53.7225758,Midwest,Small,Public,Medium
Colorado College,Yes,3207.0,1577,490,56.0,87,1892,7,17142.0,4190.0,450,1200,85.0,97.0,11.3,51,14664.0,84,22982,0.491736826,84.0,49.97389842,South,Small,Private,High
Colorado State University,No,9478.0,6312,2194,29.0,65,15646,1829,8412.0,4180.0,470,1800,87.0,89.0,19.2,10,7850.0,59,14862,0.665963283,76.2,46.16909536,Northeast,Large,Public,Low
Columbia College MO,Yes,314.0,158,132,10.0,28,690,5346,8294.0,3700.0,400,900,87.0,87.0,15.3,2,5015.0,37,13294,0.503184713,71.6,25.94140955,Midwest,Small,Private,Low
Columbia College,Yes,737.0,614,242,21.0,67,968,237,10425.0,3975.0,500,1500,61.0,77.0,14.7,34,8693.0,76,16400,0.833107191,59.4,52.18109069,South,Small,Religious,High
Columbia University,Yes,6756.0,1930,871,78.0,96,3376,55,18624.0,6664.0,550,300,97.0,98.0,5.9,21,30639.0,99,26138,0.285671995,93.6,61.94442383,Northeast,Medium,Private,Elite
Concordia College at St. Paul,Yes,281.0,266,139,13.0,29,1049,181,10500.0,3750.0,450,950,69.0,75.0,12.8,18,6955.0,45,15650,0.946619217,60.2,34.01524334,West,Small,Public,Low
Concordia Lutheran College,Yes,232.0,216,106,16.0,34,534,172,6900.0,3800.0,450,1825,67.0,76.0,12.1,9,6875.0,42,12975,0.931034483,60.4,17.32946074,West,Small,Private,Low
Concordia University CA,Yes,688.0,497,144,30.0,75,641,101,10800.0,4440.0,570,1515,55.0,60.0,13.1,13,8415.0,55,17325,0.722383721,52.0,41.74197006,Midwest,Small,Private,Low
Concordia University,Yes,528.0,403,186,23.0,56,1168,145,9216.0,4200.0,400,1000,56.0,64.0,12.1,13,7309.0,75,10616,0.763257576,52.6,45.03947082,Midwest,Small,Public,Medium
Connecticut College,Yes,3035.0,1546,438,42.0,93,1630,232,18740.0,6300.0,600,500,86.0,95.0,10.7,40,14773.0,91,26140,0.509390445,80.8,63.96728956,Northeast,Small,Private,Elite
Converse College,Yes,1549.0,407,149,35.0,70,643,80,12050.0,3700.0,500,900,63.0,76.0,10.2,31,10965.0,75,17150,0.779156328,62.6,51.90415581,South,Small,Public,Medium
Cornell College,Yes,1538.0,1329,383,33.0,68,1140,10,9998.0,4323.0,550,800,71.0,76.0,12.2,31,10340.0,64,5673,0.864109233,65.4,50.64769074,Northeast,Small,Public,Medium
Creighton University,Yes,2967.0,2836,876,30.0,60,3450,644,10628.0,4372.0,650,2055,85.0,90.0,6.5,32,22906.0,85,17705,0.955847658,76.0,58.60672415,Midwest,Medium,Public,High
Culver-Stockton College,Yes,1576.0,1110,274,24.0,55,992,112,8000.0,3700.0,400,500,51.0,52.0,14.1,28,5807.0,51,12600,0.704314721,46.0,32.22930719,South,Small,Public,Low
Cumberland College,Yes,995.0,789,398,26.0,47,1306,122,6230.0,3526.0,400,600,42.0,44.0,13.0,4,8189.0,63,10756,0.792964824,39.6,41.56698652,South,Small,Public,Medium
D'Youville College,Yes,866.0,619,157,18.0,47,1074,336,9998.0,4200.0,680,1320,75.0,82.0,14.6,42,8415.0,46,15230,0.7147806,58.0,38.56441384,South,Small,Private,Low
Dana College,Yes,504.0,482,185,10.0,36,550,84,9130.0,3322.0,450,1450,46.0,51.0,12.6,25,8686.0,54,14352,0.956349206,40.8,40.48148485,Northeast,Small,Religious,Low
Daniel Webster College,Yes,585.0,508,153,12.0,30,460,536,12292.0,4934.0,500,500,61.0,61.0,22.2,10,8643.0,72,18226,0.868376068,51.2,48.47185009,West,Small,Public,Medium
Dartmouth College,Yes,8587.0,2273,1087,87.0,99,3918,32,19545.0,6070.0,550,1100,95.0,99.0,4.7,49,29619.0,98,27265,0.264702457,95.0,67.4177679,South,Medium,Private,Elite
Davidson College,Yes,2373.0,956,452,77.0,96,1601,6,17295.0,5070.0,600,1011,95.0,97.0,12.0,46,17581.0,94,23976,0.402865571,92.2,57.96411455,West,Small,Private,Elite
Defiance College,Yes,571.0,461,174,10.0,26,645,283,10850.0,3670.0,400,1159,58.0,60.0,12.8,19,7505.0,56,16079,0.807355517,49.2,41.142371,Midwest,Small,Public,Low
Delta State University,No,967.0,945,459,15.0,48,2806,538,4528.0,1880.0,500,1200,49.0,63.0,17.1,16,5113.0,58,8108,0.977249224,47.8,31.80092146,West,Medium,Public,Low
Denison University,Yes,2762.0,2279,533,23.0,60,1835,14,16900.0,4720.0,500,600,88.0,97.0,11.6,45,12423.0,81,22720,0.82512672,78.6,60.45898233,Midwest,Small,Public,High
DePauw University,Yes,1994.0,1656,495,50.0,80,1983,36,14300.0,5020.0,550,950,78.0,94.0,11.1,31,11525.0,82,20820,0.830491474,78.8,58.04310796,West,Small,Public,High
Dickinson College,Yes,3014.0,2539,487,31.0,68,1889,62,18700.0,5000.0,595,1250,87.0,94.0,11.2,39,13861.0,87,25545,0.842402123,78.6,72.834759,Northeast,Small,Public,High
Dickinson State University,No,434.0,412,319,10.0,30,1376,237,4486.0,4200.0,600,2000,50.0,64.0,16.5,28,4525.0,46,7086,0.949308756,47.6,26.69932223,Northeast,Small,Public,Low
Dillard University,Yes,1998.0,1376,651,41.0,88,1539,45,6700.0,3650.0,500,2307,52.0,52.0,14.1,12,7566.0,61,13157,0.688688689,49.8,42.18668954,South,Small,Private,Medium
Doane College,Yes,793.0,709,244,20.0,47,1022,411,9570.0,3000.0,400,1000,67.0,72.0,15.1,42,6852.0,60,13970,0.89407314,59.6,50.9914385,South,Small,Public,Low
Dominican College of Blauvelt,Yes,360.0,329,108,4.0,19,756,863,8310.0,5500.0,600,1800,43.0,43.0,12.7,5,5480.0,54,16210,0.913888889,35.2,43.7569482,South,Small,Public,Low
Dordt College,Yes,604.0,562,328,25.0,50,1048,56,9800.0,4200.0,450,2800,61.0,60.0,12.5,17,7325.0,87,13050,0.930463576,53.4,57.41893974,Midwest,Small,Public,High
Dowling College,Yes,1011.0,829,410,9.0,33,1059,2458,9000.0,4200.0,450,1413,77.0,78.0,12.4,7,11178.0,42,10863,0.819980218,63.8,30.51983714,West,Small,Private,Low
Drake University,Yes,2799.0,2573,839,34.0,65,3322,726,13420.0,4770.0,560,1675,88.0,93.0,15.0,24,9473.0,77,20425,0.919256877,79.2,53.90999678,Midwest,Medium,Public,High
Drew University,Yes,2153.0,1580,321,56.0,84,1192,87,18432.0,5616.0,520,660,93.0,97.0,10.2,28,14907.0,83,25228,0.733859731,87.2,59.50977934,South,Small,Private,High
Drury College,Yes,700.0,650,314,33.0,66,1065,48,8730.0,4200.0,500,750,82.0,92.0,13.2,35,9303.0,67,9980,0.928571429,76.2,43.40659782,West,Small,Public,Medium
Duke University,Yes,13789.0,3893,1583,90.0,98,6188,53,9998.0,4200.0,625,1162,75.0,82.0,13.6,44,8415.0,97,26327,0.282326492,94.4,67.45339799,South,Medium,Public,Elite
Earlham College,Yes,1549.0,1006,274,35.0,63,1028,13,15036.0,4056.0,600,600,90.0,94.0,10.6,46,14634.0,78,20292,0.779156328,80.6,46.60973812,South,Small,Religious,High
East Carolina University,No,9274.0,6362,2435,23.0,44,13171,1687,7248.0,3240.0,500,1700,75.0,78.0,13.2,18,9002.0,58,12688,0.686003882,65.8,41.27561726,West,Large,Public,Low
East Tennessee State University,No,3330.0,2730,1303,15.0,36,6706,2640,5800.0,3000.0,600,2200,73.0,75.0,14.0,9,9825.0,42,11600,0.81981982,62.2,31.65010337,West,Medium,Public,Low
East Texas Baptist University,Yes,379.0,341,265,10.0,36,1050,151,4950.0,2780.0,530,1500,62.0,62.0,15.7,7,5619.0,38,9760,0.899736148,51.6,25.46290294,Midwest,Small,Public,Low
Eastern College,Yes,458.0,369,165,16.0,42,1057,355,11190.0,4800.0,450,1230,60.0,60.0,13.6,22,8135.0,54,17670,0.805676856,51.2,29.72474555,Midwest,Small,Religious,Low
Eastern Connecticut State University,No,2172.0,1493,564,14.0,50,2766,1531,5962.0,4316.0,650,500,71.0,76.0,13.6,14,5719.0,50,11428,0.687384899,61.6,39.94265931,Northeast,Medium,Private,Low
Eastern Illinois University,No,5597.0,4253,1565,12.0,38,9161,845,5710.0,3066.0,120,25000,62.0,71.0,16.2,5,5682.0,76,33896,0.75987136,55.6,55.02262519,South,Large,Private,High
Eastern Mennonite College,Yes,486.0,440,227,19.0,48,903,59,9650.0,3800.0,600,1300,46.0,65.0,11.4,29,10188.0,82,15350,0.905349794,48.2,53.76992451,West,Small,Religious,High
Eastern Nazarene College,Yes,516.0,409,200,17.0,40,1238,30,8770.0,3500.0,450,700,58.0,58.0,17.3,17,6430.0,70,13420,0.792635659,49.8,47.59699777,Midwest,Small,Public,Medium
Eckerd College,Yes,1422.0,1109,366,33.0,65,1363,23,15360.0,4080.0,600,1000,82.0,89.0,12.8,26,15003.0,59,21040,0.779887482,75.0,33.79665299,Midwest,Small,Religious,Low
Elizabethtown College,Yes,2417.0,1843,426,36.0,70,1476,299,14190.0,4400.0,500,750,65.0,68.0,12.8,25,9815.0,81,19840,0.762515515,60.4,51.57294936,Northeast,Small,Public,High
Elmira College,Yes,1457.0,1045,345,23.0,50,1109,502,14990.0,4980.0,450,550,77.0,98.0,21.5,21,7502.0,64,20970,0.717227179,74.6,42.11094327,Midwest,Small,Private,Medium
Elms College,Yes,245.0,208,125,23.0,46,544,436,11800.0,4765.0,450,1700,71.0,71.0,11.3,21,8952.0,86,18715,0.848979592,61.4,66.34210406,Northeast,Small,Public,High
Elon College,Yes,3624.0,2786,858,11.0,39,2933,334,9100.0,3883.0,490,1777,70.0,74.0,18.9,34,6329.0,63,15250,0.768763797,59.8,40.90248305,West,Medium,Public,Medium
Embry Riddle Aeronautical University,Yes,3151.0,2584,958,14.0,40,4772,856,7800.0,4200.0,570,3020,75.0,43.0,16.5,4,12878.0,44,11390,0.820057125,50.0,34.0010683,South,Medium,Religious,Low
Emory & Henry College,Yes,765.0,646,226,30.0,60,809,32,8578.0,4408.0,700,1600,79.0,88.0,13.6,51,8061.0,82,15286,0.844444444,72.8,54.70841899,Northeast,Small,Public,High
Emory University,Yes,8506.0,4168,1236,76.0,97,5544,192,17600.0,6000.0,600,870,97.0,98.0,5.0,28,28457.0,96,25070,0.490007054,93.2,68.4397378,Northeast,Medium,Religious,Elite
Emporia State University,No,1256.0,1256,853,43.0,79,3957,588,9998.0,4200.0,450,1888,75.0,82.0,19.3,4,8415.0,50,5482,1.0,67.4,34.29302249,West,Medium,Public,Low
Erskine College,Yes,659.0,557,167,47.0,74,532,35,9998.0,3840.0,475,1246,76.0,80.0,13.5,47,7527.0,67,5561,0.84522003,71.8,51.265283,West,Small,Private,Medium
Eureka College,Yes,560.0,454,113,36.0,56,484,16,9998.0,3450.0,330,670,62.0,87.0,10.6,31,9552.0,53,4450,0.810714286,66.8,34.42594331,West,Small,Religious,Low
Evergreen State College,No,1801.0,1101,438,14.0,50,3065,363,6297.0,4600.0,5000,1323,75.0,78.0,18.1,14,8355.0,68,17220,0.611327041,64.0,39.73735875,Northeast,Medium,Public,Medium
Fairfield University,Yes,4784.0,3346,781,30.0,66,2984,1037,9998.0,4200.0,700,1100,75.0,82.0,15.1,30,8415.0,94,23000,0.699414716,76.4,58.89025484,Northeast,Medium,Religious,Elite
Fayetteville State University,No,1455.0,1064,452,1.0,16,2632,617,6806.0,2550.0,350,766,75.0,75.0,15.1,10,6972.0,24,10472,0.731271478,60.2,14.14061253,Northeast,Medium,Private,Low
Ferrum College,Yes,1339.0,1107,336,12.0,36,1051,82,9400.0,4200.0,500,1600,53.0,58.0,12.5,9,7967.0,22,15700,0.82673637,46.8,9.154700147,West,Small,Private,Low
Flagler College,Yes,1415.0,714,338,18.0,52,1345,44,9998.0,4200.0,500,2140,75.0,82.0,18.1,9,8415.0,69,7760,0.50459364,48.4,50.35106008,West,Small,Public,Medium
Florida Institute of Technology,Yes,1947.0,1580,523,39.0,74,1863,233,13900.0,4140.0,750,1500,90.0,90.0,10.6,7,8923.0,57,20290,0.811504879,79.8,37.57115918,West,Small,Private,Low
Florida International University,No,3306.0,2079,1071,42.0,89,10208,9310,9998.0,2494.0,800,3028,81.0,96.0,13.9,20,6722.0,66,6322,0.628856624,79.2,58.07303275,Northeast,Large,Private,Medium
Florida Southern College,Yes,1381.0,1040,374,20.0,44,1506,970,8025.0,4865.0,400,650,65.0,74.0,17.4,10,6339.0,68,13940,0.75307748,59.6,38.91142702,Northeast,Small,Private,Medium
Florida State University,No,11651.0,8683,3023,50.0,90,18906,3242,6680.0,4200.0,600,1020,80.0,89.0,23.1,15,7250.0,58,8300,0.745257918,77.6,41.61816589,West,Large,Public,Low
Fontbonne College,Yes,291.0,245,126,16.0,49,981,337,8390.0,4100.0,350,1500,45.0,55.0,21.5,24,4607.0,62,14340,0.841924399,43.2,37.76023488,West,Small,Public,Medium
Fordham University,Yes,4200.0,2874,942,30.0,55,4740,1646,14235.0,6965.0,600,1735,86.0,97.0,14.4,14,10864.0,80,23535,0.684285714,79.2,53.5329933,South,Medium,Religious,High
Fort Lewis College,No,3440.0,2823,1123,16.0,35,3793,486,6198.0,3320.0,500,2500,89.0,97.0,19.1,6,4362.0,46,12518,0.820639535,77.6,32.90709737,Northeast,Medium,Public,Low
Francis Marion University,No,1801.0,1655,819,13.0,38,3224,436,5840.0,3138.0,400,2430,76.0,76.0,19.1,8,5039.0,43,11808,0.918933926,63.4,18.47314313,Northeast,Medium,Private,Low
Franciscan University of Steubenville,Yes,553.0,452,228,23.0,49,1301,242,9998.0,4200.0,600,1000,75.0,82.0,14.9,8,8415.0,83,15650,0.817359855,55.0,59.28413058,Northeast,Small,Religious,High
Franklin College,Yes,804.0,632,281,29.0,72,840,68,10390.0,4040.0,525,1345,54.0,78.0,12.5,37,11751.0,60,16300,0.786069652,58.6,51.51453731,South,Small,Public,Low
Franklin Pierce College,Yes,5187.0,4471,446,3.0,14,1818,1197,9998.0,4200.0,500,800,75.0,82.0,17.6,16,8415.0,51,19250,0.861962599,43.0,33.43280851,West,Small,Public,Low
Freed-Hardeman University,Yes,895.0,548,314,20.0,54,1174,50,5500.0,3340.0,600,1600,68.0,76.0,16.1,13,6078.0,62,11040,0.612290503,61.6,44.69903928,South,Small,Private,Medium
Fresno Pacific College,Yes,346.0,274,146,23.0,87,704,63,9900.0,4200.0,630,1818,59.0,59.0,10.5,14,8095.0,54,12348,0.791907514,51.8,42.92460847,Midwest,Small,Public,Low
Furman University,Yes,2161.0,1951,685,56.0,82,2371,175,13440.0,4048.0,600,1250,92.0,95.0,13.5,28,12940.0,82,19338,0.902822767,86.0,56.5802325,West,Medium,Private,High
Gannon University,Yes,2464.0,1908,678,24.0,57,2693,691,10970.0,4200.0,500,1380,47.0,51.0,13.3,18,7711.0,65,12850,0.774350649,44.0,42.59519906,Northeast,Medium,Private,Medium
Gardner Webb University,Yes,1110.0,930,332,18.0,36,1603,374,8180.0,4270.0,500,500,65.0,58.0,15.2,12,5664.0,29,13450,0.837837838,52.8,8.921317981,West,Small,Private,Low
Geneva College,Yes,668.0,534,237,19.0,39,1306,258,9476.0,4820.0,500,1100,67.0,67.0,20.1,26,6786.0,74,15896,0.799401198,57.4,55.0049536,West,Small,Public,Medium
George Fox College,Yes,809.0,726,294,27.0,52,1271,43,12500.0,4130.0,400,1050,75.0,53.0,13.6,22,7136.0,52,18080,0.897404203,56.6,35.83415795,South,Small,Private,Low
George Mason University,No,5653.0,4326,1727,17.0,29,9528,3822,10800.0,4840.0,580,1050,93.0,96.0,19.3,7,6751.0,46,17270,0.765257385,79.0,27.13658074,West,Large,Private,Low
George Washington University,Yes,7875.0,5062,1492,38.0,71,5471,1470,17450.0,6328.0,700,950,92.0,93.0,7.6,15,14745.0,72,25428,0.642793651,81.6,51.03298355,South,Medium,Public,Medium
Georgetown College,Yes,727.0,693,286,30.0,55,1063,48,8100.0,3950.0,550,550,73.0,76.0,13.3,28,7508.0,55,13150,0.953232462,65.6,35.58159822,Midwest,Small,Private,Low
Georgetown University,Yes,11115.0,2881,1390,71.0,93,5881,406,18300.0,7131.0,670,1700,91.0,92.0,7.2,27,19635.0,95,27801,0.25919928,87.4,63.85786934,Midwest,Medium,Religious,Elite
Georgia Institute of Technology,No,7837.0,4527,2276,89.0,99,8528,654,6489.0,4200.0,795,1164,75.0,92.0,19.3,33,11271.0,70,8448,0.577644507,84.6,52.03145578,West,Large,Private,Medium
Georgia State University,No,3793.0,2341,1238,9.0,24,7732,9054,6744.0,4200.0,720,3450,87.0,89.0,19.0,10,7762.0,125,10914,0.61718956,72.2,80.80808794,South,Medium,Private,Low
Georgian Court College,Yes,348.0,281,127,12.0,52,1095,785,9150.0,3950.0,500,800,56.0,59.0,12.2,27,7348.0,76,14400,0.807471264,48.4,58.43657643,Northeast,Small,Public,High
Gettysburg College,Yes,3596.0,2466,575,42.0,78,1944,46,19964.0,4200.0,500,500,94.0,95.0,12.1,32,14720.0,83,20964,0.685761958,84.0,51.11156918,West,Small,Public,High
Goldey Beacom College,Yes,633.0,468,284,10.0,27,823,963,6120.0,2985.0,531,1830,25.0,25.0,27.6,4,6081.0,36,11466,0.739336493,22.0,21.88649296,Northeast,Small,Public,Low
Gonzaga University,Yes,1886.0,1524,526,23.0,67,2523,296,13000.0,4450.0,600,2400,78.0,90.0,14.7,32,9553.0,69,20450,0.808059385,71.8,57.91473097,South,Medium,Public,Medium
Gordon College,Yes,674.0,565,282,25.0,54,1151,39,12200.0,4070.0,400,1200,73.0,82.0,14.2,32,9226.0,66,17870,0.838278932,67.0,51.83677381,Northeast,Small,Religious,Medium
Goshen College,Yes,440.0,396,221,26.0,51,910,166,9998.0,4200.0,600,1230,51.0,56.0,9.9,46,10270.0,72,1830,0.9,48.0,50.88801996,South,Small,Public,Medium
Goucher College,Yes,1151.0,813,248,40.0,64,850,80,15588.0,6174.0,500,1200,78.0,90.0,9.2,34,16623.0,77,23462,0.706342311,75.2,49.19734892,Midwest,Small,Private,High
Grace College and Seminary,Yes,548.0,428,167,18.0,46,618,113,8958.0,3670.0,300,1000,53.0,59.0,15.3,26,9798.0,64,13928,0.781021898,48.4,42.15363847,Midwest,Small,Public,Medium
Graceland College,Yes,555.0,414,242,14.0,41,996,2281,9100.0,4200.0,550,880,51.0,61.0,23.6,24,5609.0,47,10530,0.745945946,47.6,33.26637657,South,Small,Public,Low
Grand Valley State University,No,5165.0,3887,1561,20.0,60,8234,2619,6108.0,3800.0,500,1000,64.0,66.0,20.6,9,5063.0,57,11408,0.752565344,56.0,40.08761616,West,Large,Public,Low
Green Mountain College,Yes,780.0,628,198,7.0,20,545,42,9998.0,4200.0,400,850,75.0,82.0,14.0,24,8415.0,76,15700,0.805128205,65.4,52.74564535,Midwest,Small,Public,High
Greensboro College,Yes,608.0,494,176,23.0,31,649,314,9998.0,3770.0,550,1300,64.0,80.0,13.0,31,7949.0,39,5620,0.8125,62.2,27.14583743,West,Small,Private,Low
Greenville College,Yes,510.0,387,194,23.0,46,771,53,10310.0,4530.0,400,800,57.0,61.0,14.3,16,8222.0,60,16040,0.758823529,51.8,40.92812445,Midwest,Small,Religious,Low
Grinnell College,Yes,2039.0,1389,432,56.0,91,1333,30,15688.0,4618.0,400,400,88.0,92.0,9.5,54,18979.0,83,21106,0.681216282,83.2,50.89010632,Northeast,Small,Religious,High
Grove City College,Yes,2491.0,1110,573,57.0,88,2213,35,5224.0,3048.0,525,350,65.0,65.0,13.6,18,4957.0,100,9147,0.445604175,63.4,67.41744629,Northeast,Medium,Public,Elite
Guilford College,Yes,1202.0,1054,326,18.0,44,1410,299,13404.0,5160.0,450,1050,78.0,86.0,15.6,30,9114.0,65,20064,0.87687188,69.2,50.07312027,Northeast,Small,Private,Medium
Gustavus Adolphus College,Yes,1709.0,1385,634,36.0,72,2281,50,14125.0,3600.0,400,700,79.0,89.0,12.5,58,9907.0,80,18825,0.810415448,74.4,49.15832851,South,Medium,Public,High
Gwynedd Mercy College,Yes,380.0,237,104,30.0,56,716,1108,11000.0,4200.0,500,500,36.0,41.0,7.8,22,7483.0,96,12000,0.623684211,36.8,66.25222244,South,Small,Religious,Elite
Hamilton College,Yes,3140.0,1783,454,40.0,82,1646,24,19700.0,5050.0,300,800,91.0,96.0,9.6,60,17761.0,91,25850,0.567834395,82.8,59.60123036,Midwest,Small,Private,Elite
Hamline University,Yes,1006.0,825,328,34.0,73,1362,102,13252.0,4194.0,450,550,89.0,93.0,13.0,33,10296.0,65,18446,0.820079523,79.6,46.05675215,Midwest,Small,Public,Medium
Hampden - Sydney College,Yes,817.0,644,307,20.0,40,945,1,13218.0,4773.0,660,600,95.0,97.0,13.3,53,12263.0,69,19251,0.788249694,80.8,46.35683409,West,Small,Public,Medium
Hampton University,Yes,7178.0,3755,1433,25.0,63,4623,740,9998.0,3518.0,600,2000,60.0,64.0,14.0,9,6791.0,70,6118,0.523126219,54.6,56.38696832,South,Medium,Public,Medium
Hanover College,Yes,1006.0,837,317,33.0,65,1024,15,8200.0,3485.0,500,1200,84.0,84.0,10.6,26,9248.0,64,13385,0.832007952,73.8,47.33291577,Northeast,Small,Public,Medium
Hardin-Simmons University,Yes,467.0,424,350,16.0,40,1365,334,6300.0,2980.0,700,2140,75.0,79.0,13.7,10,7054.0,38,12120,0.907922912,64.8,20.04098417,Northeast,Small,Religious,Low
Harding University,Yes,1721.0,1068,806,35.0,75,3128,213,5504.0,3528.0,700,910,71.0,77.0,17.7,37,6466.0,73,10642,0.620569436,66.2,54.45614006,Midwest,Medium,Private,Medium
Hartwick College,Yes,2083.0,1725,430,22.0,49,1464,67,17480.0,4780.0,500,700,75.0,87.0,12.3,32,11625.0,73,23460,0.828132501,69.2,47.22674072,Midwest,Small,Religious,Medium
Harvard University,Yes,13865.0,2165,1606,90.0,100,6862,320,18485.0,6410.0,500,1920,97.0,97.0,9.9,52,37219.0,100,27315,0.156148576,95.6,67.11501814,West,Medium,Public,Elite
Harvey Mudd College,Yes,1377.0,572,178,95.0,100,654,5,17230.0,6690.0,700,900,100.0,100.0,8.2,46,21569.0,100,25520,0.415395788,99.0,71.5690951,South,Small,Private,Elite
Hastings College,Yes,817.0,708,262,22.0,52,935,37,9376.0,3272.0,500,1902,57.0,63.0,13.0,17,7335.0,52,15050,0.866585067,52.4,33.9412629,West,Small,Public,Low
Hendrix College,Yes,823.0,721,274,52.0,87,954,6,8800.0,3195.0,500,1200,82.0,99.0,13.1,26,8588.0,63,13695,0.876063183,82.8,48.56427908,South,Small,Private,Medium
Hillsdale College,Yes,920.0,745,347,130.0,66,1133,42,11090.0,4700.0,400,750,75.0,80.0,12.0,31,12639.0,79,16940,0.809782609,88.0,51.42744969,Midwest,Small,Public,High
Hiram College,Yes,922.0,729,244,37.0,66,1000,275,14067.0,4560.0,400,1000,150.0,95.0,10.6,34,12165.0,79,20027,0.790672451,105.4,52.20526724,South,Small,Public,High
Hobart and William Smith Colleges,Yes,2688.0,2081,500,25.0,53,1792,5,19029.0,5841.0,600,600,99.0,99.0,12.1,37,13040.0,79,26070,0.774181548,84.2,52.01814553,South,Small,Private,High
Hofstra University,Yes,7428.0,5860,1349,25.0,63,6534,1350,11600.0,4200.0,1000,1000,81.0,90.0,13.9,10,10093.0,60,13600,0.788906839,73.4,39.17180626,South,Medium,Public,Low
Hollins College,Yes,602.0,498,215,26.0,58,795,74,13470.0,5515.0,500,850,78.0,91.0,11.1,48,13957.0,72,20335,0.827242525,72.8,55.89595778,Northeast,Small,Private,Medium
Hood College,Yes,699.0,565,176,36.0,64,710,399,13960.0,6040.0,450,690,82.0,88.0,14.4,34,12434.0,72,21140,0.808297568,75.2,53.54398147,South,Small,Private,Medium
Hope College,Yes,1712.0,1483,624,37.0,69,2505,208,12275.0,4341.0,465,1100,72.0,81.0,12.5,40,9284.0,72,18181,0.866238318,68.6,58.94971977,Midwest,Medium,Public,Medium
Houghton College,Yes,949.0,786,302,30.0,70,1210,26,9990.0,3550.0,500,1500,85.0,90.0,15.0,24,8187.0,67,15540,0.828240253,76.0,58.23822102,West,Small,Religious,Medium
Huntingdon College,Yes,608.0,520,127,26.0,47,538,126,8080.0,3920.0,500,1100,63.0,72.0,11.4,9,7703.0,44,13600,0.855263158,59.2,25.64641484,West,Small,Private,Low
Huntington College,Yes,450.0,430,125,20.0,46,488,43,9950.0,3920.0,300,1300,76.0,76.0,11.8,25,9466.0,47,15470,0.955555556,64.8,33.25209564,South,Small,Private,Low
Huron University,Yes,600.0,197,124,3.0,9,392,69,7260.0,3090.0,600,1840,31.0,35.0,12.9,4,9249.0,21,12790,0.328333333,27.0,8.818998417,West,Small,Private,Low
Husson College,Yes,723.0,652,361,10.0,30,951,706,9998.0,4000.0,350,1500,36.0,44.0,22.0,4,4923.0,84,5850,0.901798064,34.0,54.91197036,South,Small,Private,High
Illinois Benedictine College,Yes,607.0,558,269,22.0,47,1222,519,9998.0,4200.0,650,1500,75.0,82.0,11.6,29,8415.0,75,16998,0.919275124,73.2,49.34958745,Northeast,Small,Private,Medium
Illinois College,Yes,894.0,787,262,28.0,63,909,28,8050.0,3850.0,600,1000,75.0,75.0,15.6,30,7348.0,52,13500,0.880313199,65.6,31.11422563,South,Small,Religious,Low
Illinois Institute of Technology,Yes,1756.0,1360,478,42.0,77,1911,626,14550.0,4620.0,500,700,80.0,88.0,12.3,26,12851.0,56,20370,0.774487472,75.6,33.94056364,West,Small,Private,Low
Illinois State University,No,8681.0,6695,2408,10.0,35,15701,1823,7799.0,4200.0,537,2605,77.0,84.0,21.0,16,5569.0,54,10941,0.771224513,66.4,37.07857811,Northeast,Large,Public,Low
Illinois Wesleyan University,Yes,3050.0,1342,471,55.0,86,1818,23,14360.0,4090.0,400,650,77.0,92.0,12.9,34,9605.0,83,19500,0.44,78.6,52.01640791,Northeast,Small,Public,High
Immaculata College,Yes,268.0,253,103,16.0,44,494,1305,10000.0,5364.0,500,1000,56.0,64.0,11.2,33,7305.0,69,16864,0.944029851,51.2,52.5106348,Midwest,Small,Private,Medium
Incarnate Word College,Yes,1163.0,927,386,16.0,49,1685,556,8840.0,4689.0,750,2775,67.0,69.0,11.4,21,6095.0,95,17054,0.797076526,57.6,61.91123231,West,Small,Public,Elite
Indiana State University,No,5659.0,4761,3147,10.0,31,8596,1949,6892.0,3706.0,600,2500,72.0,76.0,16.6,8,6996.0,40,13698,0.84131472,61.2,42.04784485,South,Large,Public,Low
Indiana University at Bloomington,No,16587.0,13243,5873,25.0,72,24763,2717,9766.0,3990.0,600,2000,77.0,88.0,21.3,24,8686.0,68,16356,0.798396334,71.0,45.34307775,West,Large,Public,Medium
Indiana Wesleyan University,Yes,735.0,423,366,20.0,48,2448,707,9210.0,3782.0,700,1000,49.0,51.0,39.8,15,6562.0,34,14692,0.575510204,44.0,24.16008821,West,Medium,Private,Low
Iona College,Yes,4892.0,3530,913,13.0,33,3906,1446,10690.0,6790.0,570,1150,66.0,83.0,16.0,14,8107.0,66,19200,0.721586263,62.2,39.72329408,South,Medium,Public,Medium
Iowa State University,No,8427.0,7424,3441,26.0,59,18676,1715,7550.0,3224.0,640,2055,81.0,88.0,19.2,22,8420.0,65,13469,0.880977809,72.8,54.03045879,South,Large,Private,Medium
Ithaca College,Yes,7259.0,5526,1368,23.0,52,5612,166,14424.0,6192.0,634,1000,58.0,79.0,11.5,25,9812.0,75,22250,0.761261882,59.4,58.0975034,Midwest,Medium,Private,Medium
James Madison University,No,11223.0,5285,2082,32.0,72,9652,742,7994.0,4544.0,500,732,77.0,81.0,17.9,29,5212.0,98,13770,0.470907957,69.6,70.08457935,Northeast,Large,Private,Elite
Jamestown College,Yes,472.0,410,262,14.0,41,9950,71,7620.0,3050.0,400,400,51.0,53.0,17.0,21,3186.0,54,11470,0.868644068,44.4,31.06598726,Midwest,Large,Public,Low
Jersey City State College,No,2957.0,1423,691,10.0,30,3817,1394,3946.0,4800.0,400,1500,63.0,67.0,14.9,10,8367.0,26,10646,0.481230977,54.0,19.25333439,South,Medium,Private,Low
John Brown University,Yes,1549.0,405,284,24.0,53,961,99,6398.0,3672.0,400,1350,68.0,68.0,13.3,19,8118.0,75,11820,0.779156328,59.2,46.89284477,Northeast,Small,Private,Medium
John Carroll University,Yes,2421.0,2109,820,170.0,57,3168,392,11700.0,5550.0,600,450,89.0,90.0,14.5,28,7738.0,89,18300,0.871127633,105.6,69.61177632,Northeast,Medium,Private,High
Johns Hopkins University,Yes,8474.0,3446,911,170.0,94,3566,1569,18800.0,6740.0,500,1040,96.0,97.0,3.3,38,56233.0,90,27080,0.406655653,111.2,67.04597366,Northeast,Medium,Private,High
Johnson State College,No,833.0,669,279,3.0,13,1224,345,7656.0,4690.0,500,624,80.0,91.0,14.4,15,6564.0,36,13470,0.803121248,69.0,25.67719519,South,Small,Public,Low
Judson College,Yes,313.0,228,137,10.0,30,552,67,9414.0,4554.0,500,1700,34.0,55.0,10.6,30,7840.0,56,16168,0.728434505,37.6,27.01812168,West,Small,Religious,Low
Juniata College,Yes,1005.0,859,298,36.0,55,1075,43,14850.0,4200.0,450,420,97.0,97.0,12.7,37,12067.0,80,15720,0.854726368,84.8,51.08292011,West,Small,Public,High
Kansas State University,No,5880.0,4075,2833,25.0,55,14914,2246,6995.0,3120.0,600,2000,75.0,86.0,13.6,22,6122.0,54,12715,0.693027211,69.4,41.23880566,Midwest,Large,Private,Low
Kansas Wesleyan University,Yes,589.0,575,148,16.0,40,474,258,8400.0,3250.0,500,1400,63.0,55.0,12.4,14,6535.0,68,13550,0.9762309,50.4,53.66441846,South,Small,Private,Medium
Keene State College,No,3121.0,2446,822,5.0,19,3480,776,7870.0,4157.0,500,1150,73.0,73.0,16.1,13,6195.0,61,13677,0.783723166,59.4,48.24584906,West,Medium,Public,Medium
Kentucky Wesleyan College,Yes,584.0,497,175,20.0,49,662,121,9998.0,4200.0,500,1300,75.0,82.0,11.3,32,8415.0,62,13950,0.851027397,52.8,35.43993499,South,Small,Private,Medium
Kenyon College,Yes,2212.0,1538,408,44.0,75,1445,1,9998.0,4200.0,750,480,75.0,82.0,11.1,46,8415.0,88,24160,0.695298373,84.8,63.10776153,Midwest,Small,Public,High
Keuka College,Yes,461.0,381,174,10.0,43,738,55,9600.0,4550.0,600,750,55.0,94.0,13.3,43,7863.0,51,15500,0.826464208,61.6,40.77757608,Midwest,Small,Private,Low
King's College,Yes,1456.0,1053,381,20.0,45,500,541,10910.0,4200.0,400,1795,66.0,72.0,13.6,37,7649.0,87,13105,0.723214286,59.2,52.60832217,South,Small,Private,High
King College,Yes,355.0,300,142,34.0,65,509,44,8664.0,3350.0,600,3000,65.0,68.0,10.7,25,8954.0,65,15614,0.845070423,60.0,45.46047742,Midwest,Small,Public,Medium
Knox College,Yes,1040.0,845,286,48.0,77,967,24,15747.0,4062.0,400,800,88.0,95.0,12.7,33,13224.0,79,21009,0.8125,82.8,56.66921199,West,Small,Public,High
La Roche College,Yes,361.0,321,185,10.0,41,650,819,8842.0,4782.0,600,1100,57.0,73.0,14.2,14,7022.0,52,15324,0.889196676,54.0,34.89617708,West,Small,Private,Low
La Salle University,Yes,-120.0,1834,622,20.0,56,2738,1662,12600.0,5610.0,450,3160,90.0,90.0,15.1,9,9084.0,84,21820,-15.28333333,76.0,49.53919072,Northeast,Medium,Public,High
Lafayette College,Yes,4010.0,2402,572,36.0,59,2018,226,18730.0,5740.0,600,1000,93.0,96.0,10.5,38,15365.0,92,26070,0.599002494,82.8,62.77150945,South,Medium,Religious,Elite
LaGrange College,Yes,544.0,399,177,15.0,35,600,363,6987.0,3585.0,750,1500,77.0,83.0,12.5,12,9067.0,75,12822,0.733455882,67.0,50.86347285,Midwest,Small,Private,Medium
Lake Forest College,Yes,979.0,638,271,31.0,70,968,20,16880.0,3970.0,920,1320,91.0,94.0,10.7,19,15687.0,77,23090,0.651685393,80.2,53.15963798,South,Small,Private,High
Lakeland College,Yes,497.0,452,231,24.0,47,887,1957,9400.0,4005.0,500,1000,49.0,65.0,17.2,25,4054.0,57,14905,0.90945674,50.4,37.08264287,Midwest,Small,Public,Low
Lamar University,No,2336.0,1725,1043,10.0,27,5438,4058,4752.0,3040.0,508,1463,48.0,82.0,18.4,12,5879.0,26,9763,0.738441781,54.0,15.98493923,Midwest,Medium,Private,Low
Lambuth University,Yes,831.0,538,224,15.0,35,840,325,5170.0,3430.0,600,1590,61.0,61.0,16.1,10,5531.0,60,10790,0.647412756,51.8,41.80146859,Midwest,Small,Religious,Low
Lander University,No,1166.0,1009,510,9.0,33,2074,341,4938.0,2987.0,528,1702,67.0,77.0,17.0,11,6119.0,51,10155,0.86535163,59.4,37.91227302,Northeast,Medium,Public,Low
Lawrence University,Yes,1243.0,947,324,50.0,77,1129,74,17163.0,3891.0,525,975,76.0,92.0,10.1,57,13965.0,77,22554,0.761866452,77.2,52.37786619,West,Small,Public,High
Le Moyne College,Yes,1470.0,1199,425,21.0,76,1820,558,11040.0,4840.0,400,900,89.0,92.0,13.3,28,8118.0,94,17180,0.815646259,76.6,63.75175536,Northeast,Small,Public,Elite
Lebanon Valley College,Yes,1549.0,1060,320,28.0,56,965,502,13850.0,4755.0,400,1125,75.0,84.0,12.3,30,8196.0,85,20130,0.779156328,69.2,59.96177019,Midwest,Small,Public,High
Lehigh University,Yes,6397.0,4304,1092,40.0,84,4298,132,18700.0,5580.0,750,1130,96.0,99.0,12.5,43,14665.0,91,26160,0.672815382,86.0,54.09542037,Northeast,Medium,Private,Elite
Lenoir-Rhyne College,Yes,979.0,743,259,25.0,46,1188,166,10100.0,4000.0,400,1000,88.0,92.0,12.0,20,8539.0,66,15500,0.758937692,77.0,48.58517564,Northeast,Small,Private,Medium
Lesley College,Yes,244.0,198,82,12.0,33,1134,336,11700.0,5300.0,550,805,71.0,88.0,27.8,18,8694.0,58,18355,0.81147541,66.0,40.59718451,Midwest,Small,Private,Low
LeTourneau University,Yes,477.0,417,204,29.0,54,1532,77,8840.0,4240.0,600,1400,58.0,70.0,20.8,23,6863.0,56,15080,0.874213836,57.0,39.39846763,West,Small,Public,Low
Lewis and Clark College,Yes,2774.0,2092,482,35.0,64,1763,59,15800.0,4790.0,450,950,97.0,98.0,12.3,21,12999.0,69,21990,0.754145638,85.0,53.10367154,West,Small,Public,Medium
Lewis University,Yes,1154.0,1050,395,12.0,31,2192,1423,10560.0,4520.0,500,1200,36.0,48.0,14.3,10,7701.0,61,16780,0.909878683,36.0,32.93592235,Midwest,Medium,Public,Medium
Lincoln Memorial University,Yes,787.0,562,363,23.0,55,925,605,5950.0,4200.0,600,1300,67.0,72.0,14.6,35,5177.0,53,7850,0.714104193,60.2,27.23083065,South,Small,Religious,Low
Lincoln University,No,1660.0,1091,326,15.0,41,1196,33,4818.0,3400.0,350,1400,71.0,72.0,12.6,8,10912.0,45,9968,0.657228916,60.2,32.86901923,West,Small,Private,Low
Lindenwood College,Yes,810.0,484,356,6.0,33,2155,191,9200.0,4800.0,1000,4200,75.0,85.0,24.1,9,3480.0,100,19200,0.597530864,65.2,69.96441572,Northeast,Medium,Public,Elite
Linfield College,Yes,1561.0,1188,458,23.0,72,1548,840,13380.0,4210.0,500,900,89.0,91.0,17.8,34,8747.0,81,18990,0.761050609,76.6,57.55088472,West,Small,Private,High
Livingstone College,Yes,900.0,473,217,22.0,47,621,11,4400.0,3400.0,800,900,53.0,93.0,10.4,16,9268.0,92,9500,0.525555556,62.8,62.08936462,Northeast,Small,Public,Elite
Lock Haven University of Pennsylvania,No,3570.0,2215,651,17.0,41,3390,325,7352.0,3620.0,225,500,47.0,55.0,13.6,14,6374.0,63,11697,0.620448179,44.2,47.42176837,Northeast,Medium,Public,Medium
Longwood College,No,2747.0,1870,724,12.0,47,2874,118,9998.0,3962.0,550,2200,74.0,80.0,18.4,23,5553.0,62,6712,0.680742628,64.0,48.06319421,Midwest,Medium,Public,Medium
Loras College,Yes,1549.0,1283,527,20.0,39,1663,170,11200.0,4000.0,500,1200,75.0,62.0,14.2,24,7578.0,70,16900,0.779156328,58.8,51.41991147,Northeast,Small,Religious,Medium
Louisiana College,Yes,2013.0,1053,212,33.0,61,912,158,5150.0,3036.0,500,1655,64.0,74.0,10.5,11,7547.0,59,10341,0.523099851,61.8,39.99585771,West,Small,Private,Low
Louisiana State University at Baton Rouge,No,5996.0,4993,3079,29.0,57,16269,3757,5925.0,2980.0,600,2242,83.0,87.0,15.9,11,6741.0,37,11747,0.832721815,73.8,15.36155306,West,Large,Private,Low
Louisiana Tech University,No,2397.0,2144,1525,22.0,45,6720,1822,3957.0,4200.0,618,1656,66.0,77.0,20.0,13,4546.0,45,6231,0.894451398,61.6,35.34618104,Midwest,Medium,Public,Low
Loyola College,Yes,1549.0,3137,738,25.0,54,3010,184,12990.0,6300.0,600,900,86.0,88.0,14.7,27,9448.0,80,20790,0.779156328,74.6,62.10864333,West,Medium,Public,High
Loyola Marymount University,Yes,3768.0,2662,753,42.0,64,3558,436,13592.0,5916.0,545,1328,84.0,88.0,14.2,10,11677.0,84,21381,0.706475584,77.2,62.02279206,West,Medium,Private,High
Loyola University,Yes,1891.0,1698,719,24.0,80,2740,761,11100.0,5870.0,600,750,77.0,88.0,11.7,14,9456.0,53,18320,0.897937599,70.8,32.70178786,West,Medium,Public,Low
Loyola University Chicago,Yes,3579.0,2959,868,25.0,55,5244,3417,9998.0,5330.0,700,2000,75.0,95.0,6.2,15,13009.0,65,8030,0.826767253,73.0,48.86897197,West,Medium,Religious,Medium
Luther College,Yes,1549.0,1392,587,38.0,72,2269,85,13240.0,3560.0,600,400,73.0,85.0,13.8,38,8949.0,77,17800,0.898644287,70.8,58.20264854,South,Medium,Private,High
Lycoming College,Yes,1286.0,1005,363,16.0,37,1363,74,9998.0,4200.0,500,900,75.0,82.0,14.0,32,8415.0,72,19600,0.781493002,65.6,58.19408124,Northeast,Small,Public,Medium
Lynchburg College,Yes,1756.0,1500,366,3.0,21,1524,280,9998.0,5400.0,450,870,62.0,66.0,12.4,24,8832.0,70,6720,0.854214123,51.8,44.61945038,West,Small,Private,Medium
Lyndon State College,No,535.0,502,223,6.0,20,959,150,9998.0,4640.0,500,600,48.0,65.0,12.6,15,7114.0,51,5740,0.938317757,46.4,34.56772708,South,Small,Religious,Low
Macalester College,Yes,2939.0,1496,452,23.0,86,1723,113,15909.0,4772.0,500,700,85.0,91.0,11.9,37,14213.0,77,21881,0.509016672,75.0,57.63636026,West,Small,Private,High
MacMurray College,Yes,740.0,558,177,12.0,29,628,63,9620.0,4200.0,550,950,49.0,55.0,10.8,33,10642.0,59,11120,0.754054054,44.0,41.58705036,West,Small,Private,Low
Malone College,Yes,874.0,758,428,21.0,46,1605,246,9858.0,3700.0,450,1200,42.0,45.0,17.6,16,4796.0,55,15208,0.867276888,39.0,32.91336199,Northeast,Small,Religious,Low
Manchester College,Yes,1004.0,802,239,23.0,63,909,51,10440.0,3850.0,525,1450,63.0,72.0,11.8,20,7940.0,64,16265,0.798804781,58.6,46.87308143,Midwest,Small,Public,Medium
Manhattan College,Yes,2432.0,1730,563,20.0,63,2578,254,9998.0,4200.0,500,1800,75.0,82.0,13.6,25,8415.0,79,21470,0.711348684,77.6,58.19330817,Northeast,Medium,Religious,High
Manhattanville College,Yes,962.0,750,212,21.0,54,830,150,14700.0,6550.0,450,400,97.0,97.0,11.3,24,11291.0,70,22100,0.77962578,81.8,49.43981448,Northeast,Small,Public,Medium
Mankato State University,No,1549.0,2672,1547,23.0,29,9649,1792,9998.0,2643.0,450,1660,57.0,68.0,19.0,11,5801.0,68,4753,0.779156328,54.6,48.69792464,West,Large,Private,Medium
Marian College of Fond du Lac,Yes,1549.0,670,337,15.0,41,1160,653,9400.0,3400.0,500,1100,37.0,37.0,8.4,21,5352.0,59,14400,0.779156328,32.6,40.00647049,West,Small,Private,Low
Marietta College,Yes,1611.0,960,342,27.0,60,1089,210,13850.0,3920.0,470,810,80.0,97.0,13.2,30,10223.0,96,19050,0.595903166,76.2,74.59139468,West,Small,Private,Elite
Marist College,Yes,4731.0,3171,830,12.0,31,3557,658,10700.0,5925.0,550,1200,74.0,81.0,17.6,34,8408.0,69,18375,0.670259987,64.4,43.79653908,West,Medium,Private,Medium
Marquette University,Yes,5152.0,4600,1685,36.0,71,7016,804,11610.0,4760.0,600,1950,86.0,94.0,13.5,25,9982.0,77,18920,0.892857143,79.2,50.96339619,South,Medium,Private,High
Marshall University,Yes,4226.0,3666,2007,14.0,60,7703,2339,5094.0,4010.0,700,1560,77.0,86.0,16.6,10,6203.0,50,11364,0.867486985,68.0,35.05492757,South,Medium,Public,Low
Mary Baldwin College,Yes,1549.0,441,199,23.0,52,846,377,11200.0,7400.0,600,1300,66.0,79.0,6.8,50,10819.0,90,20500,0.779156328,62.6,67.39477014,West,Small,Public,High
Mary Washington College,No,4350.0,2178,756,39.0,78,2997,736,6490.0,4942.0,650,2102,75.0,80.0,17.6,30,5358.0,84,14184,0.500689655,69.8,51.31313415,South,Medium,Public,High
Marymount College Tarrytown,Yes,478.0,327,117,9.0,34,731,370,11510.0,6450.0,575,1075,71.0,93.0,10.3,30,10502.0,77,19610,0.684100418,67.4,47.34851625,South,Small,Private,High
Marymount Manhattan College,Yes,695.0,535,239,21.0,30,988,785,10200.0,7000.0,350,1100,75.0,76.0,11.7,20,10622.0,68,18650,0.769784173,64.6,37.41135746,Northeast,Small,Public,Medium
Marymount University,Yes,941.0,772,214,10.0,30,1247,776,9998.0,5280.0,500,750,75.0,82.0,10.6,17,8575.0,55,6530,0.820403826,64.8,38.66347613,South,Small,Public,Low
Maryville College,Yes,1464.0,888,176,26.0,52,624,128,11200.0,4208.0,500,1642,80.0,90.0,11.1,43,8317.0,51,17550,0.606557377,73.2,30.10847091,West,Small,Religious,Low
Maryville University,Yes,549.0,397,169,26.0,51,1343,1751,9250.0,4550.0,425,1350,52.0,58.0,13.1,13,5925.0,61,15575,0.723132969,49.2,40.77724945,South,Small,Public,Medium
Marywood College,Yes,1107.0,859,323,23.0,51,1452,402,11040.0,4500.0,600,700,65.0,76.0,11.8,30,9034.0,66,16840,0.775971093,61.0,49.50689095,Midwest,Small,Public,Medium
Massachusetts Institute of Technology,Yes,6411.0,2140,1078,96.0,99,4481,28,20100.0,5975.0,725,1600,99.0,99.0,10.1,35,33541.0,94,28400,0.333801279,98.4,62.5922864,Northeast,Medium,Public,Elite
Mayville State University,No,233.0,233,153,5.0,12,658,58,4486.0,2516.0,600,1900,68.0,68.0,15.7,11,6971.0,51,9502,1.0,55.4,36.85641011,Northeast,Small,Public,Low
McKendree College,Yes,1002.0,555,119,16.0,43,836,684,7680.0,3740.0,500,800,70.0,74.0,17.7,21,6652.0,52,12720,0.553892216,60.8,34.90331046,South,Small,Private,Low
McMurry University,Yes,-120.0,411,187,25.0,50,880,477,6930.0,4200.0,400,1525,57.0,64.0,11.0,11,6383.0,32,8855,-3.425,53.4,25.76057158,South,Small,Public,Low
McPherson College,Yes,420.0,293,93,11.0,32,336,80,7950.0,3750.0,600,2740,54.0,54.0,9.8,45,9754.0,48,15040,0.697619048,45.4,35.97564034,West,Small,Public,Low
Mercer University,Yes,2286.0,1668,564,23.0,70,2943,1260,11985.0,4081.0,400,1500,93.0,95.0,9.2,15,8995.0,91,17966,0.729658793,79.8,60.24033152,West,Medium,Religious,Elite
Mercyhurst College,Yes,1557.0,1074,397,15.0,40,1805,433,9998.0,4050.0,425,1000,45.0,63.0,16.7,29,7307.0,78,5475,0.689788054,46.2,53.75674123,Midwest,Small,Private,High
Meredith College,Yes,857.0,772,376,25.0,58,1721,470,6720.0,3250.0,450,1520,77.0,82.0,13.9,33,6881.0,82,11940,0.900816803,68.6,62.61871699,West,Small,Private,High
Merrimack College,Yes,1981.0,1541,514,18.0,36,1927,1084,12500.0,6200.0,375,1000,73.0,75.0,16.8,22,8707.0,80,20075,0.777889955,62.8,57.96688435,South,Small,Religious,High
Mesa State College,No,1584.0,1456,891,6.0,18,3471,911,5016.0,3798.0,540,2256,48.0,48.0,28.8,12,3871.0,59,11610,0.919191919,39.6,34.31518971,Midwest,Medium,Religious,Low
Messiah College,Yes,1742.0,1382,607,30.0,64,2258,53,10300.0,5080.0,475,1200,68.0,75.0,14.1,30,7762.0,89,17055,0.793340987,63.2,65.57809031,West,Medium,Public,High
Miami University at Oxford,No,9239.0,7788,3290,35.0,39,13606,807,8856.0,3960.0,500,1382,81.0,89.0,17.6,20,7846.0,85,14698,0.842948371,75.0,54.07694689,Northeast,Large,Private,High
Michigan State University,No,18114.0,15096,6180,23.0,57,26640,4120,10658.0,3734.0,504,600,93.0,95.0,14.0,9,10520.0,71,15496,0.833388539,79.8,56.76256535,South,Large,Private,Medium
Michigan Technological University,No,2618.0,2288,1032,42.0,77,5524,414,8127.0,3978.0,900,1200,82.0,82.0,17.0,25,7473.0,65,14205,0.87394958,74.0,50.6204942,West,Medium,Public,Medium
MidAmerica Nazarene College,Yes,331.0,331,225,15.0,36,1100,166,6840.0,3720.0,1100,4913,33.0,33.0,15.4,20,5524.0,49,16573,1.0,29.4,35.74942738,South,Small,Public,Low
Millersville University of Penn.,No,6011.0,3075,960,22.0,60,5146,1532,7844.0,3830.0,450,1258,72.0,74.0,16.8,20,7832.0,71,13382,0.511562136,62.8,50.48616422,West,Medium,Public,Medium
Milligan College,Yes,610.0,461,189,26.0,52,685,49,8200.0,3300.0,550,1000,63.0,69.0,12.0,16,8128.0,64,13050,0.755737705,58.0,43.75483872,Northeast,Small,Private,Medium
Millikin University,Yes,1444.0,1261,456,29.0,62,1788,95,11910.0,4378.0,450,965,60.0,77.0,11.4,25,8149.0,75,17703,0.873268698,60.6,55.89261976,South,Small,Private,Medium
Millsaps College,Yes,905.0,834,319,32.0,61,1073,179,11320.0,4402.0,550,1350,180.0,89.0,12.7,38,11218.0,58,17622,0.921546961,114.0,38.74610915,West,Small,Private,Low
Milwaukee School of Engineering,Yes,1217.0,1088,496,36.0,69,1773,884,11505.0,3255.0,1000,2075,35.0,46.0,16.7,23,7140.0,67,17835,0.894001643,39.6,48.07784935,South,Small,Public,Medium
Mississippi College,Yes,594.0,385,307,36.0,57,1695,721,9998.0,2830.0,600,700,77.0,79.0,13.6,18,6170.0,61,4130,0.648148148,69.6,47.05967183,West,Small,Public,Medium
Mississippi State University,No,4255.0,3277,1609,18.0,57,10094,1621,9866.0,3084.0,480,1479,77.0,77.0,15.9,20,6223.0,53,14909,0.770152761,65.2,34.29096728,Midwest,Large,Private,Low
Mississippi University for Women,No,480.0,405,380,19.0,46,1673,1014,4386.0,2217.0,600,1500,49.0,54.0,15.8,8,5704.0,63,8703,0.84375,45.0,41.0190363,South,Small,Private,Medium
Missouri Southern State College,No,1576.0,1326,913,13.0,50,3689,2200,3840.0,2852.0,200,400,52.0,54.0,20.3,9,4172.0,100,7292,0.841370558,45.0,64.0281726,Midwest,Medium,Religious,Elite
Missouri Valley College,Yes,1310.0,983,316,5.0,35,1057,175,8550.0,5050.0,400,900,35.0,67.0,17.4,16,4333.0,27,14900,0.750381679,41.8,13.57763627,West,Small,Religious,Low
Monmouth College IL,Yes,601.0,503,204,28.0,57,671,11,13000.0,4100.0,400,460,91.0,91.0,13.6,43,11087.0,56,17960,0.836938436,78.4,30.05802344,Northeast,Small,Religious,Low
Monmouth College,Yes,1549.0,1881,478,14.0,34,1893,847,12480.0,4200.0,530,1740,70.0,85.0,14.2,15,9492.0,54,14750,0.779156328,64.8,41.44914395,Midwest,Small,Religious,Low
Montana College of Mineral Sci. & Tech.,No,572.0,544,320,23.0,72,1470,416,6073.0,3400.0,550,1400,71.0,71.0,16.4,31,6112.0,74,11423,0.951048951,61.4,60.84457271,Northeast,Small,Religious,Medium
Montana State University,No,3500.0,2836,1779,15.0,42,8730,993,5552.0,3710.0,550,2300,75.0,83.0,17.6,8,6324.0,37,12112,0.810285714,66.2,33.02664472,South,Large,Private,Low
Montclair State University,No,5220.0,2128,865,19.0,53,6411,3186,9998.0,4834.0,700,950,82.0,87.0,21.5,9,6717.0,58,6484,0.407662835,71.4,32.46957756,Northeast,Medium,Public,Low
Montreat-Anderson College,Yes,263.0,223,103,10.0,24,316,20,8438.0,3372.0,500,2958,42.0,50.0,11.1,4,11989.0,15,15268,0.847908745,38.8,14.12427336,Midwest,Small,Public,Low
Moorhead State University,No,2442.0,2164,1189,12.0,37,5983,1075,4426.0,2664.0,600,1000,76.0,81.0,18.1,19,4795.0,60,8690,0.886158886,65.2,49.11053175,West,Medium,Public,Low
Moravian College,Yes,1232.0,955,303,23.0,58,1241,485,14990.0,4730.0,550,1250,86.0,92.0,15.2,28,9566.0,74,21520,0.775162338,75.8,49.5159501,Midwest,Small,Public,Medium
Morehouse College,Yes,1549.0,1678,722,41.0,66,2852,153,7050.0,5490.0,250,600,71.0,74.0,17.8,10,8122.0,83,13390,0.779156328,66.2,58.60723715,Northeast,Medium,Public,High
Morningside College,Yes,586.0,533,239,16.0,36,950,228,10520.0,3678.0,500,1000,48.0,68.0,13.0,32,8111.0,56,15698,0.909556314,49.6,29.16053475,Northeast,Small,Religious,Low
Morris College,Yes,882.0,730,330,2.0,13,926,12,4515.0,4200.0,850,2100,53.0,60.0,18.6,34,6990.0,60,7465,0.827664399,45.6,43.33368084,Northeast,Small,Public,Low
Mount Holyoke College,Yes,1800.0,1314,526,170.0,79,1891,40,19300.0,5700.0,750,750,79.0,91.0,9.0,51,18359.0,84,26500,0.73,102.0,53.48220135,West,Small,Religious,High
Mount Marty College,Yes,279.0,276,126,17.0,37,600,435,6844.0,2980.0,500,500,45.0,55.0,11.7,38,5073.0,44,10824,0.989247312,43.4,31.79817509,South,Small,Private,Low
Mount Mary College,Yes,235.0,217,121,12.0,32,931,487,8950.0,3119.0,550,1125,51.0,51.0,10.7,26,7016.0,78,13744,0.923404255,43.2,46.79398539,West,Small,Private,High
Mount Mercy College,Yes,368.0,317,159,20.0,49,806,542,10500.0,3555.0,500,2285,44.0,50.0,11.3,30,6695.0,64,16840,0.861413043,41.6,47.51429112,Northeast,Small,Private,Medium
Mount Saint Clare College,Yes,1549.0,284,95,16.0,33,364,88,9900.0,4200.0,500,1200,32.0,37.0,13.6,43,6525.0,21,11600,0.779156328,30.8,19.82256338,Midwest,Small,Public,Low
Mount Saint Mary's College,Yes,1321.0,1159,328,15.0,36,1243,79,12850.0,6200.0,550,900,77.0,82.0,12.8,36,8536.0,80,20500,0.877365632,66.6,52.08410069,Northeast,Small,Private,High
Mount Saint Mary College,Yes,1170.0,695,238,14.0,48,1170,429,7470.0,4200.0,250,1400,74.0,75.0,15.3,23,6898.0,88,9120,0.594017094,62.4,55.91538709,Midwest,Small,Public,High
Mount St. Mary's College,Yes,657.0,537,113,37.0,90,1039,466,12474.0,4200.0,630,1278,53.0,71.0,11.9,19,10613.0,72,14382,0.817351598,57.0,39.61988479,South,Small,Religious,Medium
Mount Union College,Yes,1310.0,1086,458,26.0,61,1365,144,12250.0,3530.0,400,1150,85.0,87.0,16.7,35,7215.0,81,17330,0.829007634,74.0,55.36793233,West,Small,Public,High
Mount Vernon Nazarene College,Yes,510.0,485,334,18.0,36,1114,94,7400.0,3346.0,600,600,57.0,57.0,19.8,7,6869.0,58,11946,0.950980392,49.2,37.69203033,Midwest,Small,Public,Low
Muhlenberg College,Yes,2519.0,1836,462,30.0,61,1656,352,16975.0,4565.0,600,850,76.0,86.0,12.8,39,10888.0,83,22990,0.728860659,70.8,50.34490294,West,Small,Private,High
Murray State University,No,2225.0,1910,1190,29.0,55,5968,955,4738.0,3110.0,700,940,72.0,76.0,20.2,27,5972.0,52,9488,0.858426966,65.0,38.66509378,South,Medium,Private,Low
Muskingum College,Yes,1109.0,922,375,24.0,46,1115,70,13240.0,4200.0,600,800,73.0,85.0,13.4,27,9333.0,73,14640,0.831379621,68.0,48.85014809,Midwest,Small,Private,Medium
National-Louis University,Yes,513.0,347,279,23.0,48,2508,505,9090.0,4500.0,7000,500,75.0,65.0,18.3,2,7905.0,71,21090,0.676413255,60.6,44.32132021,West,Medium,Private,Medium
Nazareth College of Rochester,Yes,947.0,798,266,36.0,68,1274,471,10850.0,5150.0,550,800,77.0,93.0,13.6,24,8797.0,61,17350,0.842661035,75.2,39.92713797,Midwest,Small,Public,Medium
New Jersey Institute of Technology,No,1879.0,1216,483,23.0,62,3311,1646,9998.0,4200.0,700,1850,75.0,82.0,13.6,19,8415.0,72,16758,0.647152741,80.6,55.75652269,Northeast,Medium,Private,Medium
New Mexico Institute of Mining and Tech.,No,787.0,601,233,40.0,73,1017,411,5376.0,3214.0,600,1100,99.0,100.0,13.6,11,200000.0,34,10290,0.763659466,87.6,26.81468472,West,Small,Public,Low
New York University,Yes,13594.0,7244,2505,70.0,86,12408,2814,17748.0,7262.0,450,1000,87.0,98.0,7.8,16,21227.0,71,26460,0.532882154,88.0,49.04986969,West,Large,Public,Medium
Newberry College,Yes,872.0,722,154,14.0,36,601,36,10194.0,2600.0,500,1500,57.0,63.0,11.4,32,5788.0,83,14794,0.827981651,50.8,61.19552509,Northeast,Small,Public,High
Niagara University,Yes,2220.0,1796,467,65.0,99,1919,334,10320.0,4762.0,450,650,68.0,100.0,14.2,20,7788.0,65,16182,0.809009009,80.2,39.69544022,West,Small,Public,Medium
North Adams State College,No,1563.0,1005,240,1.0,19,1380,136,5542.0,4330.0,500,1000,65.0,71.0,14.2,17,6562.0,57,11372,0.642994242,54.6,40.0618505,West,Small,Public,Low
North Carolina A. & T. State University,No,4809.0,3089,1429,12.0,33,6162,871,6806.0,1780.0,600,1651,72.0,72.0,16.7,9,7090.0,140,10837,0.642337284,60.0,98.73661165,West,Medium,Private,Low
North Carolina State University at Raleigh,No,10634.0,7064,3176,39.0,78,16505,5481,9998.0,6540.0,600,1300,92.0,98.0,17.5,21,9670.0,62,8440,0.664284371,83.8,41.05081746,Midwest,Large,Public,Medium
North Carolina Wesleyan College,Yes,812.0,689,195,7.0,24,646,84,8242.0,4230.0,600,1295,77.0,77.0,12.7,11,10090.0,52,14367,0.848522167,63.0,38.57729168,South,Small,Public,Low
North Central College,Yes,1127.0,884,308,30.0,64,1310,766,11718.0,7398.0,450,1800,73.0,87.0,16.4,33,8871.0,76,21366,0.784383319,70.0,49.29783273,South,Small,Private,High
North Dakota State University,No,2968.0,2297,1610,13.0,47,7368,1128,5834.0,2744.0,600,2000,79.0,83.0,17.0,24,6310.0,42,11178,0.773921833,67.4,31.94910354,South,Medium,Public,Low
North Park College,Yes,465.0,361,176,19.0,39,879,156,12580.0,4345.0,400,970,76.0,79.0,13.1,24,10889.0,74,18295,0.776344086,65.8,54.55929386,South,Small,Private,Medium
Northeast Missouri State University,No,6040.0,4577,1620,36.0,72,5640,266,4856.0,3416.0,400,1100,69.0,72.0,15.7,13,6601.0,76,9772,0.757781457,63.6,38.6142006,South,Medium,Religious,High
Northeastern University,Yes,1549.0,8492,2517,23.0,42,11160,10221,13380.0,7425.0,600,1750,73.0,82.0,12.9,17,9563.0,46,23155,0.779156328,66.6,38.15152852,South,Large,Public,Low
Northern Arizona University,No,5891.0,4931,1973,23.0,48,11249,2682,6746.0,3728.0,620,2342,78.0,83.0,21.7,7,6157.0,41,13436,0.837039552,69.0,13.46183717,South,Large,Religious,Low
Northern Illinois University,No,10706.0,7219,2397,12.0,37,14826,1979,7799.0,3296.0,470,1750,73.0,78.0,17.3,11,6086.0,56,13315,0.674294788,62.8,36.11975487,South,Large,Public,Low
Northwest Missouri State University,No,2729.0,2535,1257,8.0,29,4787,472,3735.0,3136.0,250,1630,62.0,65.0,21.7,23,5284.0,54,8751,0.928911689,52.4,42.92674017,Northeast,Medium,Public,Low
Northwest Nazarene College,Yes,616.0,514,385,29.0,52,1115,60,9840.0,2820.0,450,822,59.0,59.0,14.8,20,6261.0,58,13932,0.834415584,53.0,39.01356637,Northeast,Small,Private,Low
Northwestern College,Yes,860.0,811,366,22.0,56,1040,52,9900.0,3075.0,300,1800,68.0,68.0,14.9,34,6357.0,68,15075,0.943023256,58.8,40.26907009,West,Small,Private,Medium
Northwestern University,Yes,12289.0,5200,1902,85.0,98,7450,45,16404.0,5520.0,759,1585,96.0,100.0,6.8,25,26385.0,92,24268,0.423142648,95.4,58.93131469,West,Medium,Private,Elite
Norwich University,Yes,1743.0,1625,626,8.0,29,1862,382,14134.0,5270.0,500,800,71.0,74.0,13.1,22,9209.0,63,20704,0.932300631,59.6,49.23452873,South,Small,Public,Medium
Notre Dame College,Yes,379.0,324,107,15.0,37,500,311,9990.0,4900.0,400,600,44.0,47.0,12.1,26,4948.0,33,15890,0.854881266,39.4,13.49247735,Northeast,Small,Private,Low
Oakland University,No,3041.0,2581,1173,23.0,56,6441,3982,9114.0,4030.0,400,650,88.0,90.0,19.7,13,6637.0,53,14194,0.848733969,75.8,42.7449555,West,Medium,Public,Low
Oberlin College,Yes,1549.0,2767,678,50.0,89,2587,120,19670.0,5820.0,575,1119,77.0,96.0,10.1,47,16593.0,83,27184,0.779156328,79.2,57.8244895,Northeast,Medium,Public,High
Occidental College,Yes,2324.0,1319,370,23.0,81,1686,35,16560.0,5140.0,558,1152,91.0,93.0,10.5,30,16196.0,79,23410,0.567555938,78.2,49.33802335,Midwest,Small,Public,High
Oglethorpe University,Yes,792.0,649,186,56.0,87,769,377,12900.0,4340.0,600,4110,91.0,95.0,13.1,27,8568.0,67,21950,0.819444444,85.6,43.98442464,Midwest,Small,Religious,Medium
Ohio Northern University,Yes,2936.0,2342,669,35.0,62,2502,66,15990.0,4080.0,600,825,73.0,78.0,14.5,31,9979.0,83,21495,0.797683924,67.4,53.01387829,Northeast,Medium,Public,High
Ohio University,No,11023.0,8298,3183,23.0,54,14861,1310,7629.0,4095.0,550,2300,79.0,87.0,20.4,13,8811.0,64,14574,0.752789622,71.0,49.131126,West,Large,Private,Medium
Ohio Wesleyan University,Yes,2190.0,1700,458,36.0,65,1780,48,16732.0,5650.0,550,550,93.0,93.0,12.1,32,12011.0,75,23482,0.776255708,81.6,56.16213905,South,Small,Private,Medium
Oklahoma Baptist University,Yes,758.0,681,484,35.0,59,1707,705,5390.0,3140.0,515,1290,63.0,71.0,15.1,18,5511.0,50,10335,0.898416887,60.6,26.40419433,Midwest,Small,Private,Low
Oklahoma Christian University,Yes,776.0,765,351,23.0,44,1419,228,6400.0,3150.0,500,1900,58.0,64.0,16.2,8,6578.0,45,11950,0.985824742,53.4,29.48203941,South,Small,Private,Low
Oklahoma State University,No,4522.0,3913,2181,29.0,57,12830,1658,9998.0,3344.0,800,3100,84.0,92.0,15.3,14,6433.0,48,7244,0.865325077,76.2,29.28407169,Northeast,Large,Religious,Low
Otterbein College,Yes,1496.0,1205,428,26.0,57,1648,936,12888.0,4440.0,420,840,62.0,68.0,13.9,30,8802.0,87,18588,0.805481283,57.2,67.36754984,Midwest,Small,Public,High
Ouachita Baptist University,Yes,910.0,773,450,31.0,73,1310,61,6530.0,2800.0,500,1500,63.0,67.0,13.6,10,6413.0,65,11330,0.849450549,58.2,38.74950441,South,Small,Public,Medium
Our Lady of the Lake University,Yes,2308.0,1336,295,22.0,46,1202,942,8530.0,3644.0,616,1576,56.0,64.0,14.9,25,7114.0,37,14366,0.578856153,52.4,33.92114552,Midwest,Small,Private,Low
Pace University,Yes,8256.0,3750,1522,37.0,70,5809,4379,11000.0,5160.0,660,1115,90.0,95.0,13.8,10,10059.0,62,17935,0.454215116,81.4,43.2335263,West,Medium,Public,Medium
Pacific Lutheran University,Yes,1603.0,1392,504,23.0,68,2580,302,13312.0,4200.0,600,1516,75.0,78.0,11.0,23,9431.0,83,15428,0.868371803,65.8,52.29032797,Northeast,Medium,Public,High
Pacific Union College,Yes,940.0,668,385,20.0,48,1316,139,11925.0,3825.0,630,1926,48.0,87.0,12.3,12,9157.0,69,18306,0.710638298,58.0,44.91362908,Northeast,Small,Public,Medium
Pacific University,Yes,943.0,849,288,41.0,71,1041,35,14210.0,3994.0,450,1100,76.0,76.0,10.9,22,11216.0,42,19754,0.900318134,69.0,25.3919058,South,Small,Public,Low
Pembroke State University,No,944.0,774,440,14.0,34,2174,529,9998.0,4200.0,550,1498,75.0,82.0,15.0,5,8415.0,48,11168,0.819915254,64.4,27.22690799,West,Medium,Public,Low
Pennsylvania State Univ. Main Campus,No,19315.0,10344,3450,48.0,93,28938,2025,10645.0,4060.0,512,2394,77.0,96.0,18.1,19,8992.0,63,17611,0.535542325,78.8,44.5741343,Midwest,Large,Public,Medium
Pepperdine University,Yes,3821.0,2037,680,86.0,96,2488,625,18200.0,6770.0,500,700,95.0,98.0,11.6,13,16185.0,66,26170,0.533106517,94.4,40.06042225,Northeast,Medium,Religious,Medium
Peru State College,No,701.0,501,458,10.0,40,959,457,2580.0,2624.0,500,900,48.0,100.0,20.1,24,4870.0,44,6604,0.714693295,61.2,19.89816896,West,Small,Public,Low
Pfeiffer College,Yes,838.0,651,159,11.0,25,654,162,9998.0,3700.0,400,1915,62.0,62.0,12.2,13,7634.0,48,6015,0.776849642,51.8,31.70161765,Midwest,Small,Religious,Low
Philadelphia Coll. of Textiles and Sci.,Yes,1538.0,1259,468,19.0,42,1664,1042,11690.0,5062.0,600,1664,48.0,80.0,12.9,15,200000.0,68,19016,0.818595579,55.0,38.58571902,Northeast,Small,Religious,Medium
Phillips University,Yes,692.0,576,174,19.0,50,597,83,10500.0,3860.0,600,940,58.0,64.0,11.6,19,8990.0,39,15900,0.832369942,52.6,23.53919566,South,Small,Public,Low
Piedmont College,Yes,663.0,562,127,20.0,40,641,63,5640.0,3620.0,600,750,89.0,89.0,13.2,17,7309.0,31,10610,0.847662142,75.2,17.15448556,Midwest,Small,Private,Low
Pikeville College,Yes,404.0,400,169,28.0,48,797,100,6000.0,3000.0,500,500,48.0,57.0,13.4,14,5557.0,61,10000,0.99009901,47.6,38.34391964,West,Small,Private,Medium
Pitzer College,Yes,1133.0,630,220,37.0,73,750,30,17688.0,5900.0,650,850,100.0,100.0,10.4,11,14820.0,73,25088,0.556045896,87.4,61.10481551,Midwest,Small,Private,Medium
Point Loma Nazarene College,Yes,809.0,687,428,20.0,43,1889,217,10178.0,4190.0,800,750,71.0,71.0,16.1,19,7895.0,54,15918,0.849196539,60.8,38.08205784,South,Small,Public,Low
Point Park College,Yes,875.0,744,207,7.0,38,1173,1402,9700.0,4830.0,7000,1200,45.0,90.0,14.5,10,7652.0,66,22730,0.850285714,55.4,47.42685504,South,Small,Public,Medium
Polytechnic University,Yes,1132.0,847,302,23.0,89,1379,214,16200.0,4200.0,436,2486,90.0,90.0,10.4,14,14329.0,62,23322,0.748233216,76.6,34.51800852,Northeast,Small,Public,Medium
Prairie View A. and M. University,No,2405.0,2234,1061,10.0,22,4564,448,4290.0,3500.0,598,1582,55.0,93.0,19.4,1,5967.0,35,9970,0.928898129,61.2,21.23018433,Midwest,Medium,Private,Low
Presbyterian College,Yes,1082.0,832,302,34.0,63,1133,30,11859.0,4200.0,554,1429,80.0,85.0,13.4,42,8354.0,85,13842,0.768946396,72.8,60.57651315,Northeast,Small,Religious,High
Princeton University,Yes,13218.0,2042,1153,90.0,98,4540,146,19900.0,5910.0,675,1575,91.0,96.0,8.4,54,28320.0,99,28060,0.154486307,92.8,64.17735544,South,Medium,Private,Elite
Providence College,Yes,5139.0,3346,973,20.0,55,3717,1358,14400.0,6200.0,450,1100,66.0,74.0,18.4,35,8135.0,96,22150,0.651099436,60.0,71.74031422,West,Medium,Private,Elite
Purdue University at West Lafayette,No,21804.0,18744,5874,29.0,60,26213,4065,9556.0,3990.0,570,1060,86.0,86.0,18.2,15,8604.0,67,15176,0.859658778,74.6,40.88651707,West,Large,Religious,Medium
Queens College,Yes,516.0,392,154,32.0,62,630,549,11020.0,4970.0,610,25000,75.0,75.0,14.0,36,9315.0,58,41600,0.759689922,66.4,39.16816932,Midwest,Small,Private,Low
Quincy University,Yes,1025.0,707,297,22.0,66,1070,72,10100.0,4140.0,450,1080,69.0,71.0,16.3,32,6880.0,80,15770,0.689756098,60.4,53.0697418,Midwest,Small,Public,High
Quinnipiac College,Yes,3712.0,2153,806,17.0,45,2677,714,12030.0,6140.0,1000,500,63.0,73.0,12.0,33,8847.0,86,19670,0.580010776,57.8,61.0216033,South,Medium,Religious,High
Radford University,No,5702.0,4894,1742,15.0,37,8077,472,6684.0,4110.0,500,900,73.0,83.0,19.6,9,4519.0,62,12194,0.858295335,65.4,40.19754964,South,Large,Public,Medium
Ramapo College of New Jersey,No,2088.0,957,362,6.0,29,2745,1938,4449.0,4860.0,600,1655,74.0,95.0,17.8,8,7333.0,47,11564,0.458333333,68.8,31.54553186,West,Medium,Public,Low
Randolph-Macon College,Yes,1771.0,1325,306,21.0,46,1071,27,13840.0,4200.0,400,900,77.0,80.0,10.7,38,11080.0,74,15140,0.748164879,67.0,50.61934954,Northeast,Small,Private,Medium
Randolph-Macon Woman's College,Yes,696.0,616,169,23.0,66,653,56,13970.0,4200.0,370,920,88.0,97.0,9.2,24,16358.0,68,15260,0.885057471,78.6,43.92806121,Northeast,Small,Religious,Medium
Reed College,Yes,1966.0,1436,327,47.0,80,1199,61,19960.0,5490.0,500,450,90.0,90.0,11.8,37,15886.0,68,26400,0.730417091,81.4,50.02546934,Midwest,Small,Public,Medium
Regis College,Yes,427.0,385,143,23.0,38,581,533,9998.0,4200.0,450,700,75.0,82.0,10.3,37,8415.0,84,13850,0.901639344,71.0,59.99194187,Midwest,Small,Private,High
Rensselaer Polytechnic Institute,Yes,4996.0,4165,936,53.0,82,4291,16,17475.0,5976.0,1230,1100,94.0,98.0,15.4,21,15605.0,70,25781,0.833666934,87.4,48.55693027,Midwest,Medium,Public,Medium
Rhodes College,Yes,2302.0,1831,391,58.0,82,1345,59,15200.0,4768.0,550,1500,90.0,96.0,10.8,47,13388.0,77,22018,0.795395308,86.0,51.74770833,West,Small,Public,High
Rider University,Yes,3586.0,2424,730,16.0,31,2748,1309,13250.0,5420.0,700,3100,84.0,92.0,12.3,23,11299.0,70,22470,0.675962075,73.6,52.98272015,Northeast,Medium,Public,Medium
Ripon College,Yes,587.0,501,211,28.0,52,735,28,15200.0,4100.0,350,650,75.0,90.0,9.4,49,12472.0,64,20300,0.853492334,71.6,43.62082878,West,Small,Private,Medium
Rivier College,Yes,484.0,386,141,6.0,28,590,1196,9870.0,4200.0,600,1100,59.0,59.0,12.2,19,6744.0,81,11570,0.797520661,48.4,55.16651356,South,Small,Religious,High
Roanoke College,Yes,2227.0,1790,437,27.0,54,1460,239,13425.0,4425.0,450,1200,85.0,89.0,13.0,26,9405.0,72,19500,0.80377189,75.0,50.92345015,South,Small,Public,Medium
Rockhurst College,Yes,935.0,858,345,22.0,50,1127,754,9490.0,4100.0,500,1500,60.0,79.0,10.7,21,7519.0,79,15590,0.917647059,60.0,63.78293341,South,Small,Public,High
Rocky Mountain College,Yes,560.0,392,270,11.0,31,743,118,8734.0,3362.0,7000,625,56.0,78.0,11.3,27,6422.0,68,19721,0.7,55.8,40.89821896,Northeast,Small,Public,Medium
Roger Williams University,Yes,3304.0,2804,679,10.0,20,2111,1489,9998.0,6050.0,500,730,44.0,54.0,16.4,8,7957.0,61,7280,0.848668281,41.2,46.54928447,South,Medium,Public,Medium
Rollins College,Yes,1777.0,1151,382,31.0,55,1668,1052,16425.0,5220.0,955,750,81.0,85.0,13.3,23,200000.0,90,23350,0.647720878,72.6,53.53414419,Northeast,Small,Private,High
Rosary College,Yes,434.0,321,141,28.0,53,624,269,10950.0,4600.0,550,950,79.0,82.0,12.9,30,9264.0,81,17050,0.739631336,70.0,57.78636579,South,Small,Private,High
Rowan College of New Jersey,No,3820.0,1431,695,23.0,70,5303,3942,4356.0,4830.0,800,800,76.0,81.0,22.1,6,7252.0,51,10786,0.37460733,67.4,43.57541414,South,Medium,Private,Low
Rutgers at New Brunswick,No,48094.0,26330,4520,36.0,79,21401,3712,7410.0,4748.0,690,2009,90.0,95.0,19.5,19,10474.0,77,14857,0.547469539,81.2,56.34334262,South,Large,Public,High
Rutgers State University at Camden,No,3366.0,1752,232,27.0,79,2585,1300,9998.0,4748.0,690,2009,90.0,95.0,18.6,12,10134.0,57,7447,0.520499109,79.4,40.75312539,Midwest,Medium,Private,Low
Rutgers State University at Newark,No,1549.0,2690,499,26.0,62,4005,1886,7410.0,4748.0,690,2009,90.0,95.0,17.4,16,11878.0,58,14857,0.779156328,79.2,37.79775266,Midwest,Medium,Public,Low
Sacred Heart University,Yes,2307.0,1896,509,19.0,51,1707,1889,11070.0,5780.0,400,600,71.0,73.0,14.8,16,7120.0,82,17850,0.821846554,61.4,57.555236,Midwest,Small,Public,High
Saint Ambrose University,Yes,897.0,718,276,12.0,48,1345,390,10450.0,4020.0,500,1500,56.0,56.0,14.1,16,7444.0,70,16470,0.800445931,47.2,47.73968592,Northeast,Small,Religious,Medium
Saint Anselm College,Yes,2095.0,1553,514,23.0,40,1873,94,12950.0,5400.0,450,1120,70.0,82.0,14.5,29,6719.0,97,19920,0.741288783,65.4,63.97011696,South,Small,Private,Elite
Saint Cloud State University,No,3971.0,3306,1921,10.0,34,11493,2206,4259.0,2625.0,350,1884,70.0,75.0,18.9,10,200000.0,140,9118,0.832535885,60.0,96.55062192,Northeast,Large,Religious,Low
Saint Francis College IN,Yes,213.0,166,85,13.0,36,513,247,8670.0,3820.0,450,1000,43.0,78.0,12.5,4,7440.0,48,13940,0.779342723,51.0,34.5919058,Midwest,Small,Religious,Low
Saint Francis College,Yes,1046.0,824,284,21.0,45,1223,451,10880.0,5050.0,400,1235,64.0,64.0,19.3,24,7344.0,69,17565,0.787762906,55.4,44.46391466,South,Small,Private,Medium
Saint John's University,Yes,1549.0,800,444,18.0,45,1691,72,12247.0,4081.0,500,600,76.0,85.0,13.6,38,9853.0,70,17428,0.779156328,68.0,44.9685909,Northeast,Small,Religious,Medium
Saint Joseph's College IN,Yes,920.0,684,225,24.0,42,815,222,11200.0,4250.0,600,950,55.0,60.0,14.8,19,7360.0,67,17000,0.743478261,50.8,40.09878281,West,Small,Public,Medium
Saint Joseph's College,Yes,833.0,682,217,12.0,33,716,2196,9985.0,5180.0,500,800,53.0,89.0,27.2,8,4322.0,85,16465,0.818727491,59.2,61.45362513,Midwest,Small,Public,High
Saint Joseph's University,Yes,2519.0,2003,776,39.0,71,2473,1314,12750.0,6350.0,350,1690,84.0,90.0,17.4,13,8243.0,83,21140,0.795156808,77.4,60.82661631,Northeast,Medium,Public,High
Saint Joseph College,Yes,-500.0,241,96,20.0,52,543,712,12200.0,4600.0,650,950,87.0,90.0,11.2,32,8680.0,76,18400,-0.482,74.8,54.35830222,South,Small,Public,High
Saint Louis University,Yes,3294.0,2855,956,23.0,67,4576,1140,11690.0,4730.0,800,6800,84.0,94.0,4.6,19,18367.0,67,24020,0.866727383,75.8,51.72585246,South,Medium,Public,Medium
Saint Mary's College,Yes,888.0,734,393,26.0,60,1433,27,12730.0,4514.0,500,1525,75.0,95.0,9.9,31,11165.0,98,19269,0.826576577,73.2,69.03933819,South,Small,Public,Elite
Saint Mary's College of Minnesota,Yes,876.0,802,367,23.0,35,1263,118,9998.0,3600.0,400,820,68.0,74.0,18.8,19,5081.0,78,4820,0.915525114,61.4,56.56005469,West,Small,Private,High
Saint Mary-of-the-Woods College,Yes,150.0,130,88,23.0,50,341,768,10300.0,4130.0,500,1700,44.0,58.0,10.2,37,9678.0,75,16630,0.866666667,45.4,54.01918713,Midwest,Small,Private,Medium
Saint Michael's College,Yes,1910.0,1380,463,16.0,64,1715,106,13030.0,5860.0,500,750,79.0,88.0,14.5,34,10190.0,84,20140,0.722513089,70.0,58.3422999,West,Small,Private,High
Saint Olaf College,Yes,2248.0,1673,745,38.0,73,2888,105,14350.0,3750.0,550,550,82.0,88.0,10.0,31,12502.0,83,19200,0.744217082,75.6,55.44589086,Midwest,Medium,Public,High
Saint Peter's College,Yes,1606.0,1413,530,23.0,38,1921,1154,9408.0,5520.0,500,450,78.0,78.0,12.1,22,7669.0,53,15878,0.879825654,67.0,48.17076308,South,Small,Private,Low
Saint Vincent College,Yes,700.0,595,278,19.0,35,1035,182,10850.0,3936.0,500,900,62.0,64.0,12.3,31,8534.0,88,16186,0.85,54.2,59.3402451,Northeast,Small,Public,High
Saint Xavier University,Yes,785.0,647,295,15.0,65,1670,726,9998.0,4624.0,600,794,75.0,100.0,13.7,15,8953.0,55,6018,0.824203822,73.0,35.17061144,South,Small,Public,Low
Salem-Teikyo University,Yes,489.0,384,120,23.0,52,700,45,10575.0,3952.0,400,620,46.0,24.0,13.0,9,8946.0,98,15547,0.785276074,32.6,70.77004912,Midwest,Small,Public,Elite
Salem College,Yes,335.0,284,132,28.0,69,534,216,10475.0,4200.0,500,2000,68.0,68.0,11.2,46,9599.0,60,12975,0.847761194,60.0,43.25927208,South,Small,Public,Low
Salisbury State University,No,4216.0,2290,736,23.0,52,4296,1027,5130.0,4690.0,600,1450,73.0,75.0,13.6,18,5125.0,56,11870,0.54316888,63.8,32.17604226,West,Medium,Public,Low
Samford University,Yes,1680.0,1395,691,23.0,76,2959,402,8236.0,3700.0,569,1650,74.0,75.0,14.7,17,9533.0,61,14155,0.830357143,64.2,48.31339127,West,Medium,Private,Medium
San Diego State University,No,9402.0,7020,2151,20.0,70,16407,5550,9998.0,5110.0,612,2400,87.0,93.0,19.5,7,7930.0,41,8122,0.746649649,76.0,28.22902712,West,Large,Private,Low
Santa Clara University,Yes,4019.0,2779,888,40.0,73,3891,128,13584.0,5928.0,630,1278,88.0,92.0,13.9,19,10872.0,100,21420,0.691465539,80.0,64.44534452,Northeast,Medium,Private,Elite
Sarah Lawrence College,Yes,1380.0,768,263,57.0,82,1000,105,19300.0,6694.0,600,700,89.0,93.0,6.1,18,14779.0,83,27294,0.556521739,84.2,64.04392057,Northeast,Small,Public,High
Savannah Coll. of Art and Design,Yes,1109.0,688,386,20.0,65,1897,208,8325.0,5000.0,1200,1600,14.0,98.0,16.1,26,6874.0,55,16125,0.62037872,48.8,41.62837786,West,Small,Private,Low
Schreiner College,Yes,584.0,413,131,19.0,51,521,99,9998.0,4200.0,500,1488,75.0,82.0,11.8,23,8415.0,52,16843,0.707191781,46.6,30.07729004,Midwest,Small,Private,Low
Scripps College,Yes,855.0,632,139,60.0,83,569,7,17238.0,7350.0,600,800,95.0,100.0,8.2,41,18372.0,73,25988,0.739181287,90.0,59.9859142,Northeast,Small,Public,Medium
Seattle Pacific University,Yes,1183.0,1016,411,42.0,82,1922,704,12669.0,4875.0,600,1250,83.0,85.0,16.8,20,10368.0,66,19394,0.858833474,75.6,49.49398684,Midwest,Small,Private,Medium
Seattle University,Yes,2115.0,1540,494,28.0,72,2993,347,12825.0,4375.0,500,1500,85.0,85.0,12.2,16,10175.0,89,19200,0.728132388,73.6,62.24901942,West,Medium,Private,High
Seton Hall University,Yes,4576.0,3565,1000,16.0,36,4384,1530,12000.0,4200.0,650,1000,81.0,84.0,14.4,15,10080.0,64,13650,0.779064685,69.2,52.75109403,Midwest,Medium,Public,Medium
Seton Hill College,Yes,936.0,794,197,24.0,56,752,210,11240.0,4200.0,350,2000,71.0,71.0,11.2,37,10065.0,71,13590,0.848290598,61.6,50.49648892,Northeast,Small,Public,Medium
Shippensburg University of Penn.,No,1549.0,3281,1116,14.0,53,5268,300,7844.0,3504.0,450,1700,80.0,83.0,18.8,13,6719.0,72,13498,0.779156328,68.0,50.25958462,South,Medium,Private,Medium
Shorter College,Yes,540.0,445,165,23.0,70,1115,111,7210.0,3600.0,500,2000,62.0,65.0,13.2,18,7356.0,58,13310,0.824074074,55.4,37.29849942,Northeast,Small,Public,Low
Siena College,Yes,2961.0,1932,628,24.0,68,2669,616,10800.0,5100.0,575,1090,71.0,82.0,14.1,42,8189.0,100,17565,0.65248227,66.0,72.9092522,Midwest,Medium,Public,Elite
Siena Heights College,Yes,464.0,419,183,10.0,31,686,287,9240.0,3880.0,475,1090,29.0,49.0,7.2,17,9431.0,47,14685,0.903017241,33.2,35.28301484,Northeast,Small,Public,Low
Simmons College,Yes,1003.0,782,295,23.0,53,1144,160,16160.0,6950.0,500,1200,74.0,81.0,8.9,33,14086.0,79,24810,0.779661017,66.6,55.3734007,South,Small,Religious,High
Simpson College,Yes,1016.0,872,300,27.0,57,1116,602,11250.0,4980.0,550,1400,66.0,73.0,15.8,36,7411.0,70,18180,0.858267717,61.0,45.05006823,Midwest,Small,Public,Medium
Sioux Falls College,Yes,437.0,400,211,13.0,35,614,271,9998.0,3064.0,500,1700,73.0,73.0,14.8,7,7881.0,48,5264,0.915331808,61.0,34.24964927,West,Small,Public,Low
Skidmore College,Yes,4293.0,2728,591,25.0,62,2322,263,18710.0,5970.0,500,700,87.0,92.0,12.7,29,14837.0,81,25880,0.635453063,76.6,56.35100607,Midwest,Medium,Public,High
Smith College,Yes,2925.0,1598,632,23.0,88,2479,95,9998.0,6390.0,500,1050,85.0,97.0,10.3,44,21199.0,90,7940,0.546324786,77.4,56.33262841,Northeast,Medium,Religious,High
South Dakota State University,No,2807.0,2589,1701,13.0,37,7000,1103,3811.0,2190.0,500,1970,62.0,65.0,15.0,29,5084.0,67,8471,0.922337015,53.4,39.54093824,Northeast,Medium,Private,Medium
Southeast Missouri State University,No,2281.0,1870,1408,18.0,43,6553,1246,4680.0,3540.0,200,2150,75.0,76.0,17.1,8,5916.0,45,10570,0.81981587,64.0,34.32576689,Northeast,Medium,Religious,Low
Southeastern Oklahoma State Univ.,No,818.0,700,447,20.0,50,2962,651,3738.0,2619.0,450,1022,55.0,59.0,19.6,9,4444.0,53,7829,0.855745721,49.6,24.09055842,Midwest,Medium,Public,Low
Southern California College,Yes,-120.0,340,193,18.0,38,784,127,9520.0,4124.0,630,1818,63.0,65.0,18.6,11,8219.0,43,16092,-2.833333333,54.8,31.12705263,Northeast,Small,Public,Low
Southern Illinois University at Edwardsville,No,2540.0,2195,994,13.0,40,6063,2550,5472.0,3598.0,221,2216,76.0,81.0,16.5,8,7498.0,43,11507,0.864173228,65.4,27.70958471,Midwest,Medium,Private,Low
Southern Methodist University,Yes,4301.0,3455,1166,41.0,69,4892,387,12772.0,5078.0,576,1802,74.0,88.0,13.5,17,12726.0,72,20228,0.803301558,73.0,56.94123303,West,Medium,Public,Medium
Southwest Baptist University,Yes,1093.0,1093,642,12.0,32,1770,967,7070.0,2500.0,400,1000,52.0,54.0,15.9,13,4718.0,71,10970,1.0,44.8,47.23265895,West,Small,Private,Medium
Southwest Missouri State University,No,6118.0,5254,3204,15.0,37,13131,3374,4740.0,2590.0,500,1360,70.0,75.0,19.9,11,4632.0,56,9190,0.858777378,61.0,42.49742107,South,Large,Religious,Low
Southwest State University,No,1047.0,938,511,13.0,33,2091,546,4285.0,2750.0,600,1800,58.0,75.0,16.5,31,6591.0,51,9435,0.895893028,55.8,33.71543079,West,Medium,Private,Low
Southwestern Adventist College,Yes,321.0,318,172,11.0,27,620,280,7536.0,3736.0,430,1651,44.0,77.0,13.0,12,5309.0,36,13353,0.990654206,50.6,25.76874077,West,Small,Religious,Low
Southwestern College,Yes,213.0,155,75,28.0,66,504,147,7200.0,3532.0,550,1500,56.0,56.0,11.8,12,7818.0,52,12782,0.727699531,50.4,40.08418265,South,Small,Private,Low
Southwestern University,Yes,1549.0,912,352,44.0,77,1177,43,11850.0,4675.0,600,1050,83.0,89.0,11.3,35,12995.0,67,18175,0.779156328,77.6,44.58722142,West,Small,Public,Medium
Spalding University,Yes,283.0,201,97,10.0,45,589,263,9998.0,2800.0,600,900,50.0,56.0,10.6,40,6860.0,89,4300,0.71024735,44.4,67.28277442,Northeast,Small,Private,High
Spelman College,Yes,3713.0,1237,443,47.0,83,1971,107,7000.0,5565.0,660,2400,73.0,80.0,12.5,18,9988.0,65,15625,0.333153784,70.6,40.53151061,West,Small,Public,Medium
Spring Arbor College,Yes,372.0,362,181,15.0,32,1501,353,8600.0,3550.0,385,665,48.0,48.0,15.4,9,10938.0,49,13200,0.97311828,41.4,35.77296421,Midwest,Small,Private,Low
St. Bonaventure University,Yes,1489.0,1313,375,13.0,45,1688,131,10456.0,4927.0,500,1050,91.0,91.0,17.7,32,9828.0,78,16933,0.881799866,75.4,59.21319861,South,Small,Public,High
St. John's College,Yes,323.0,278,122,31.0,51,393,4,9998.0,5450.0,275,800,63.0,72.0,7.2,26,15622.0,64,6525,0.860681115,60.2,48.10018746,West,Small,Public,Medium
St. John Fisher College,Yes,1368.0,1064,354,19.0,51,1687,677,10570.0,5600.0,400,800,86.0,81.0,14.5,29,7908.0,66,17370,0.777777778,70.6,55.78222438,Midwest,Small,Private,Medium
St. Lawrence University,Yes,2753.0,1820,505,31.0,56,1801,45,9998.0,5730.0,650,825,90.0,94.0,11.5,38,14980.0,85,7205,0.661096985,79.8,55.68280341,Northeast,Small,Public,High
St. Martin's College,Yes,191.0,165,63,5.0,25,494,574,11550.0,4270.0,300,500,43.0,77.0,14.5,8,9209.0,40,16620,0.863874346,49.0,21.10425374,Midwest,Small,Public,Low
St. Mary's College of California,Yes,2643.0,1611,465,36.0,80,2615,248,13332.0,4200.0,630,1584,75.0,89.0,16.1,17,9619.0,78,15546,0.60953462,72.8,49.62832446,Midwest,Medium,Private,High
St. Mary's College of Maryland,No,1340.0,695,285,42.0,73,1315,209,6800.0,4730.0,675,1250,84.0,89.0,11.6,23,10357.0,63,13455,0.518656716,77.6,47.40221283,West,Small,Public,Medium
St. Mary's University of San Antonio,Yes,1243.0,1020,414,33.0,60,2149,418,8678.0,3858.0,700,1736,75.0,83.0,16.2,7,7651.0,72,14972,0.820595334,69.8,52.88961467,West,Medium,Private,Medium
St. Norbert College,Yes,1334.0,1243,568,30.0,56,1946,95,12140.0,4450.0,425,1100,74.0,78.0,15.1,36,8595.0,88,18115,0.931784108,66.8,62.1112833,South,Small,Public,High
St. Paul's College,Yes,1549.0,581,243,8.0,17,617,34,5000.0,3650.0,600,600,45.0,45.0,14.0,8,8426.0,45,9850,0.779156328,37.6,25.88521475,West,Small,Public,Low
St. Thomas Aquinas College,Yes,861.0,609,215,10.0,27,1117,815,8650.0,5700.0,500,1750,69.0,73.0,13.6,13,6534.0,67,16600,0.707317073,58.8,50.73433647,Midwest,Small,Public,Medium
Stephens College,Yes,450.0,405,194,17.0,34,614,388,13900.0,5200.0,450,2150,46.0,63.0,10.9,17,9995.0,59,21700,0.9,47.0,35.17647611,Midwest,Small,Private,Low
Stetson University,Yes,1557.0,1227,489,37.0,69,1964,81,12315.0,4565.0,5000,1365,85.0,90.0,12.5,24,10307.0,73,23245,0.78805395,77.4,56.89474791,West,Small,Religious,Medium
Stevens Institute of Technology,Yes,1768.0,1249,380,51.0,93,1263,11,16900.0,5680.0,450,750,89.0,89.0,19.0,33,12837.0,79,23780,0.706447964,81.4,69.58719212,South,Small,Public,High
Stockton College of New Jersey,No,4019.0,1579,710,23.0,65,4365,765,3040.0,4351.0,711,1125,78.0,92.0,19.5,7,5599.0,64,9227,0.392883802,72.6,46.63225573,South,Medium,Religious,Medium
Stonehill College,Yes,3646.0,2300,585,23.0,69,2022,926,9998.0,6172.0,480,800,79.0,79.0,13.0,30,7495.0,97,7452,0.630828305,67.8,70.81554068,Midwest,Medium,Private,Elite
SUNY at Albany,No,13528.0,9198,1843,16.0,61,10168,1231,6550.0,4355.0,700,1560,93.0,96.0,17.4,16,150000.0,74,13165,0.679923122,78.8,49.33570116,South,Large,Private,Medium
SUNY at Binghamton,No,14463.0,6166,1757,60.0,94,8544,671,6550.0,4598.0,700,1000,83.0,100.0,18.0,15,8055.0,80,12848,0.426329254,85.2,46.94893339,West,Large,Private,High
SUNY at Buffalo,No,15039.0,9649,3087,36.0,100,13963,3124,6550.0,4731.0,708,957,90.0,97.0,13.6,15,11177.0,56,12946,0.641598511,82.0,36.18640318,Midwest,Large,Private,Low
SUNY at Stony Brook,No,12512.0,6969,1724,27.0,66,9744,1351,6550.0,4712.0,600,1200,91.0,96.0,10.5,7,13705.0,57,13062,0.556985294,80.2,34.43552379,Northeast,Large,Private,Low
SUNY College  at Brockport,No,7294.0,3564,904,7.0,34,5758,1363,6550.0,4460.0,500,705,79.0,83.0,19.0,14,6632.0,49,12215,0.488620784,66.2,27.06497712,Northeast,Medium,Private,Low
SUNY College  at Oswego,No,8000.0,4556,1464,17.0,70,6943,869,6550.0,4200.0,500,1500,69.0,85.0,22.0,21,5280.0,63,8550,0.5695,65.0,52.71179971,Northeast,Medium,Private,Medium
SUNY College at Buffalo,No,5318.0,3515,1025,8.0,29,7626,2091,6550.0,4040.0,550,1230,71.0,78.0,18.7,12,7511.0,42,12370,0.660962768,61.2,30.76431259,Midwest,Medium,Public,Low
SUNY College at Cortland,No,7888.0,3519,1036,6.0,40,5011,346,6550.0,4680.0,630,1274,82.0,85.0,17.8,17,5563.0,53,13134,0.44612069,68.0,38.9984379,South,Medium,Public,Low
SUNY College at Fredonia,No,4877.0,2798,814,13.0,48,4123,298,6550.0,4200.0,620,1481,82.0,90.0,16.3,10,6442.0,66,8651,0.573713348,71.4,44.65488817,West,Medium,Private,Medium
SUNY College at Geneseo,No,8598.0,4562,1143,56.0,93,5060,146,6550.0,4170.0,600,650,79.0,84.0,19.1,25,5716.0,76,11970,0.530588509,76.4,52.33564459,Northeast,Medium,Public,High
SUNY College at New Paltz,No,8399.0,3609,656,19.0,53,4658,1478,6550.0,4240.0,550,1500,85.0,93.0,15.3,8,6608.0,53,12840,0.429694011,75.0,41.92275341,West,Medium,Public,Low
SUNY College at Plattsburgh,No,5549.0,3583,853,130.0,40,5004,475,6550.0,4176.0,600,1380,80.0,90.0,17.9,16,6174.0,65,12706,0.645701928,94.0,45.33831441,South,Medium,Public,Medium
SUNY College at Potsdam,No,3150.0,2289,650,16.0,51,3598,234,9998.0,4660.0,500,1000,71.0,75.0,15.1,17,6436.0,59,6160,0.726666667,61.6,43.95346969,Northeast,Medium,Public,Low
SUNY College at Purchase,No,1549.0,1264,390,5.0,33,2478,1441,6550.0,4760.0,1125,1362,80.0,100.0,14.9,8,8170.0,46,13797,0.779156328,73.0,31.21997851,Midwest,Medium,Private,Low
Susquehanna University,Yes,2096.0,1512,465,27.0,59,1442,166,16130.0,4710.0,400,800,83.0,86.0,13.9,37,10554.0,90,22040,0.721374046,73.0,61.28923555,Midwest,Small,Private,High
Sweet Briar College,Yes,462.0,402,146,36.0,68,527,41,9998.0,6000.0,500,600,91.0,99.0,6.5,48,18953.0,61,7100,0.87012987,83.2,35.66542917,West,Small,Public,Medium
Syracuse University,Yes,10477.0,7260,2442,28.0,67,10142,117,15150.0,6870.0,635,960,73.0,84.0,11.3,13,14231.0,67,23615,0.692946454,68.4,37.01125469,West,Large,Public,Medium
Tabor College,Yes,257.0,183,109,19.0,41,396,38,7850.0,4200.0,400,1500,75.0,70.0,10.0,15,7233.0,53,9750,0.712062257,61.8,35.79219049,West,Small,Public,Low
Talladega College,Yes,4414.0,1500,335,30.0,60,908,119,5666.0,2964.0,1000,1400,56.0,58.0,15.5,7,5970.0,46,11030,0.339827821,51.6,32.48248346,South,Small,Public,Low
Taylor University,Yes,1769.0,1092,437,41.0,80,1757,81,10965.0,4000.0,450,1250,60.0,61.0,14.2,32,8294.0,98,16665,0.617297908,56.6,62.16934982,Midwest,Small,Private,Elite
Tennessee Wesleyan College,Yes,232.0,182,99,7.0,29,402,237,7070.0,3640.0,400,3158,59.0,65.0,8.9,16,6286.0,36,14268,0.784482759,51.0,25.02762567,Midwest,Small,Private,Low
Texas A&M Univ. at College Station,No,14474.0,10519,6392,49.0,85,31643,2798,5130.0,3412.0,600,2144,89.0,91.0,23.1,29,8471.0,69,11286,0.726751416,81.8,48.56876281,West,Large,Private,Medium
Texas A&M University at Galveston,No,529.0,481,243,23.0,47,1206,134,9998.0,3122.0,600,650,103.0,88.0,17.4,16,6415.0,43,4372,0.90926276,81.0,19.31995997,Northeast,Small,Private,Low
Texas Christian University,Yes,4095.0,3079,1195,33.0,64,5064,660,9998.0,4200.0,650,2400,75.0,82.0,14.8,23,8415.0,64,14860,0.751892552,73.8,40.2243767,Midwest,Medium,Religious,Medium
Texas Lutheran College,Yes,497.0,423,215,27.0,57,895,429,9998.0,3410.0,490,1700,54.0,58.0,13.8,24,7002.0,50,5600,0.85110664,50.2,37.03631947,Northeast,Small,Private,Low
Texas Southern University,No,4345.0,3245,2604,15.0,85,5584,3101,7860.0,3360.0,600,1700,65.0,75.0,18.2,21,3605.0,10,13520,0.746835443,59.0,8.935293647,Midwest,Medium,Private,Low
Texas Wesleyan University,Yes,592.0,501,279,19.0,44,1204,392,6400.0,3484.0,600,1800,80.0,83.0,14.5,10,7936.0,43,12284,0.846283784,69.0,24.33162542,Midwest,Small,Private,Low
The Citadel,No,1500.0,1242,611,23.0,36,2024,292,7070.0,2439.0,400,779,75.0,94.0,17.1,17,7744.0,84,10688,0.828,72.2,59.59224025,Northeast,Medium,Public,High
Thiel College,Yes,1154.0,951,253,15.0,31,791,140,9998.0,4200.0,700,1350,75.0,82.0,11.6,16,8415.0,60,18180,0.824090121,60.6,47.11203613,Midwest,Small,Religious,Low
Tiffin University,Yes,845.0,734,254,23.0,21,662,351,7600.0,3800.0,600,1200,59.0,74.0,19.0,40,5096.0,39,13200,0.868639053,57.8,31.18536479,West,Small,Public,Low
Transylvania University,Yes,759.0,729,244,57.0,81,867,51,10900.0,4200.0,500,1000,81.0,91.0,12.1,41,10219.0,70,12400,0.960474308,80.2,48.52357106,South,Small,Public,Medium
Trenton State College,No,5042.0,2312,944,55.0,94,5167,902,5391.0,5411.0,700,1000,81.0,87.0,14.4,6,8504.0,81,12502,0.458548195,78.2,54.36011843,West,Medium,Religious,High
Tri-State University,Yes,1262.0,1102,276,14.0,40,978,98,9456.0,4350.0,468,1323,53.0,53.0,12.8,24,7603.0,140,15597,0.873217116,45.2,94.85327758,West,Small,Private,Low
Trinity College CT,Yes,1549.0,1798,478,23.0,84,1737,244,18810.0,5690.0,500,680,91.0,96.0,10.4,48,18034.0,91,25680,0.779156328,79.4,66.03909891,West,Small,Public,Elite
Trinity College DC,Yes,247.0,189,100,19.0,49,309,639,11412.0,6430.0,500,900,89.0,93.0,8.3,37,11806.0,96,19242,0.765182186,76.6,68.17551987,Midwest,Small,Public,Elite
Trinity College VT,Yes,222.0,185,91,16.0,41,484,541,11010.0,5208.0,550,500,58.0,78.0,10.4,26,9586.0,78,17268,0.833333333,57.6,57.74702003,West,Small,Public,High
Trinity University,Yes,2425.0,1818,601,62.0,93,2110,95,9998.0,4200.0,500,490,75.0,82.0,9.6,20,8415.0,93,18380,0.749690722,88.4,65.75936907,West,Medium,Private,Elite
Tulane University,Yes,1549.0,5125,1223,47.0,75,4941,1534,19040.0,5950.0,350,800,-5.0,98.0,9.1,21,16920.0,74,26140,0.779156328,46.6,55.89381975,West,Medium,Public,Medium
Tusculum College,Yes,626.0,372,145,23.0,34,983,40,7700.0,3400.0,450,800,70.0,70.0,21.9,28,4933.0,52,12350,0.594249201,60.6,36.87296266,Midwest,Small,Religious,Low
Tuskegee University,Yes,2267.0,1827,611,20.0,59,2825,144,6735.0,3395.0,600,1425,75.0,74.0,13.6,7,10872.0,65,12155,0.805910895,63.6,49.42344358,Northeast,Medium,Religious,Medium
Union College KY,Yes,484.0,384,177,9.0,45,634,78,7800.0,2950.0,500,600,60.0,88.0,13.6,9,6864.0,64,11850,0.79338843,61.0,49.15411385,South,Small,Private,Medium
Union College NY,Yes,3495.0,1712,528,49.0,84,1915,123,18732.0,6204.0,450,1024,94.0,96.0,11.5,49,15411.0,88,26410,0.489842632,85.8,57.57736685,West,Small,Private,High
Univ. of Wisconsin at OshKosh,No,4800.0,2900,1515,23.0,48,7764,1472,6874.0,2394.0,518,1890,73.0,78.0,19.2,14,5901.0,56,11676,0.604166667,65.0,30.15927977,West,Medium,Public,Low
University of Alabama at Birmingham,No,1797.0,1260,938,24.0,35,6960,4698,4440.0,5175.0,750,2200,75.0,96.0,6.7,16,16352.0,33,12565,0.701168614,73.2,30.81746428,South,Medium,Public,Low
University of Arkansas at Fayetteville,No,3235.0,3108,2133,25.0,65,9978,1530,5028.0,4200.0,500,2000,73.0,89.0,14.8,10,6820.0,39,7528,0.960741886,69.8,28.58329365,Northeast,Large,Private,Low
University of California at Berkeley,No,19873.0,8252,3215,95.0,100,19532,2061,11648.0,6246.0,636,1933,93.0,97.0,15.8,10,13919.0,78,20463,0.415236753,95.0,46.02757052,Midwest,Large,Public,High
University of California at Irvine,No,-500.0,10775,2478,85.0,100,12677,864,12024.0,5302.0,790,1818,96.0,96.0,16.1,11,15934.0,66,19934,-21.55,93.8,42.63090251,South,Large,Public,Medium
University of Central Florida,No,6986.0,2959,1918,23.0,60,12330,7152,6618.0,4234.0,700,1600,80.0,98.0,22.2,9,6742.0,46,13152,0.423561409,75.8,36.05937146,South,Large,Public,Low
University of Charleston,Yes,682.0,535,204,22.0,43,771,611,9998.0,3540.0,400,750,26.0,58.0,2.5,10,7683.0,57,4690,0.784457478,38.0,38.50161584,Midwest,Small,Public,Low
University of Chicago,Yes,6348.0,2999,922,68.0,94,3340,39,9998.0,6380.0,500,25000,99.0,99.0,5.3,36,36854.0,90,31880,0.472432262,92.8,60.4396929,Midwest,Medium,Public,High
University of Cincinnati,No,6855.0,5553,2408,26.0,57,11036,2011,8907.0,4697.0,556,1851,89.0,95.0,10.8,6,13889.0,54,16011,0.810065646,78.8,44.8044093,Northeast,Large,Private,Low
University of Connecticut at Storrs,No,9735.0,7187,2064,23.0,63,12478,1660,11656.0,5072.0,700,2300,89.0,95.0,16.0,16,10178.0,71,19728,0.738263996,78.2,44.46356427,Midwest,Large,Private,Medium
University of Dallas,Yes,681.0,588,246,44.0,74,1058,73,10760.0,6230.0,500,1200,85.0,93.0,13.4,26,8731.0,63,18690,0.863436123,80.0,40.10923321,South,Small,Private,Medium
University of Dayton,Yes,6361.0,5293,1507,26.0,51,5889,665,11380.0,4220.0,500,900,81.0,85.0,14.8,25,8894.0,93,17000,0.832101871,71.6,66.15693238,Northeast,Medium,Private,Elite
University of Delaware,Yes,14446.0,10516,3252,22.0,57,14130,4522,10220.0,4230.0,530,1300,82.0,87.0,18.3,15,10650.0,75,16280,0.727952374,72.0,54.45227466,West,Large,Public,Medium
University of Denver,Yes,2974.0,2001,580,29.0,60,2666,554,15192.0,4695.0,400,1350,75.0,91.0,15.9,21,11762.0,67,21637,0.672831204,72.2,49.38171517,Northeast,Medium,Private,Medium
University of Detroit Mercy,Yes,927.0,731,415,23.0,50,2149,2217,11130.0,3996.0,600,2166,72.0,79.0,13.5,14,10891.0,51,17892,0.788565264,65.0,40.25619022,South,Medium,Private,Low
University of Dubuque,Yes,576.0,558,137,23.0,39,662,131,10430.0,3620.0,400,1500,85.0,98.0,16.5,18,8767.0,45,15950,0.96875,77.8,32.4928931,Midwest,Small,Public,Low
University of Evansville,Yes,2096.0,1626,694,35.0,67,2551,407,11800.0,4340.0,700,960,60.0,81.0,15.8,26,7780.0,77,17800,0.775763359,63.4,56.34691969,West,Medium,Religious,High
University of Florida,No,12445.0,8836,3623,54.0,85,24470,3286,7090.0,4180.0,630,1530,88.0,97.0,13.4,20,14737.0,66,13430,0.710004018,84.8,44.9039537,West,Large,Public,Medium
University of Georgia,No,11220.0,7871,3320,43.0,79,19553,2748,5697.0,3600.0,525,1755,88.0,95.0,14.7,22,7881.0,63,11577,0.701515152,81.8,44.41349152,South,Large,Public,Medium
University of Hartford,Yes,5081.0,4040,1194,11.0,26,3768,1415,14220.0,6000.0,500,1440,61.0,76.0,13.6,9,10625.0,66,22160,0.795119071,57.0,46.7376709,South,Medium,Public,Medium
University of Hawaii at Manoa,No,3580.0,2603,1627,36.0,69,11028,2411,4460.0,3038.0,687,1281,85.0,87.0,11.8,6,12833.0,54,9466,0.727094972,76.0,38.87549068,South,Large,Public,Low
University of Illinois - Urbana,No,14939.0,11652,5705,52.0,88,25422,911,7560.0,4574.0,500,1982,87.0,90.0,17.4,13,8559.0,81,14616,0.779971886,81.2,60.56269904,South,Large,Public,High
University of Illinois at Chicago,No,8384.0,5727,2710,22.0,50,13518,2916,7230.0,5088.0,630,3228,82.0,84.0,10.0,6,13883.0,34,16176,0.683086832,70.8,26.57572841,Northeast,Large,Private,Low
University of Indianapolis,Yes,1487.0,1276,388,26.0,51,1417,1646,11120.0,4080.0,525,1405,55.0,56.0,11.1,23,6735.0,69,17130,0.858103564,49.6,48.52108501,Midwest,Small,Religious,Medium
University of Kansas,No,8579.0,5561,3681,25.0,50,17880,1673,9998.0,4200.0,700,2681,75.0,82.0,13.7,17,8415.0,57,13759,0.648210747,72.6,35.85437008,Northeast,Large,Public,Low
University of La Verne,Yes,1597.0,969,226,16.0,38,1431,1522,13540.0,5050.0,630,2298,66.0,68.0,14.1,23,10139.0,47,21518,0.60676268,56.8,33.23835629,Midwest,Small,Private,Low
University of Louisville,No,4777.0,3057,1823,16.0,33,9844,6198,6540.0,3600.0,530,2440,84.0,92.0,11.1,24,10207.0,31,13110,0.639941386,73.6,21.55991108,South,Large,Public,Low
University of Maine at Farmington,No,1208.0,803,438,20.0,48,1906,344,6810.0,3970.0,450,1647,67.0,75.0,15.9,26,5712.0,59,12877,0.664735099,60.8,42.2659079,Northeast,Small,Private,Low
University of Maine at Machias,No,441.0,369,172,17.0,45,633,317,6600.0,3680.0,600,400,46.0,46.0,15.1,4,5935.0,64,11280,0.836734694,40.2,55.83262654,Northeast,Small,Public,Medium
University of Maine at Presque Isle,No,1549.0,381,235,10.0,40,974,503,6600.0,3630.0,400,1675,67.0,67.0,15.2,11,6408.0,35,12305,0.779156328,55.6,21.88113611,West,Small,Public,Low
University of Maryland at Baltimore County,No,4269.0,2594,985,27.0,57,6476,2592,8594.0,4408.0,494,2768,82.0,88.0,18.4,6,7618.0,55,16264,0.607636449,73.4,40.6114451,Midwest,Medium,Private,Low
University of Maryland at College Park,No,14292.0,10315,3409,22.0,53,19340,3991,8723.0,5146.0,550,1550,89.0,92.0,18.1,12,9021.0,63,15969,0.721732438,76.8,49.44231034,Northeast,Large,Private,Medium
University of Massachusetts at Amherst,No,14438.0,12414,3816,12.0,39,16282,1940,8566.0,3897.0,500,1400,88.0,92.0,16.7,15,10276.0,68,14363,0.859814379,74.4,48.09000957,South,Large,Private,Medium
University of Massachusetts at Dartmouth,No,3347.0,2597,1006,10.0,37,4664,1630,6919.0,4500.0,500,1250,75.0,90.0,15.0,20,7462.0,56,13169,0.775918733,68.0,50.8892256,South,Medium,Private,Low
University of Miami,Yes,1549.0,5386,1643,42.0,69,7760,876,16500.0,6526.0,630,1985,82.0,94.0,5.9,17,17500.0,59,25641,0.779156328,78.8,39.40980354,West,Medium,Private,Low
University of Michigan at Ann Arbor,No,19152.0,12940,4893,66.0,92,22045,1339,15732.0,4659.0,476,1600,90.0,98.0,11.5,26,14847.0,87,22467,0.675647452,88.4,62.52044611,West,Large,Public,High
University of Minnesota at Duluth,No,4192.0,3126,1656,15.0,45,5887,1254,8828.0,3474.0,753,2610,79.0,91.0,19.0,11,6393.0,53,15665,0.745706107,71.0,33.10597128,West,Medium,Public,Low
University of Minnesota at Morris,No,1549.0,874,588,56.0,86,1846,154,9843.0,4200.0,600,1500,74.0,78.0,14.6,16,6716.0,51,11943,0.779156328,72.0,33.94237632,South,Small,Public,Low
University of Minnesota Twin Cities,No,11054.0,6397,3524,26.0,55,16502,21836,8949.0,3744.0,714,2910,88.0,90.0,12.2,37,16122.0,45,16317,0.578704541,76.4,32.74466955,Midwest,Large,Public,Low
University of Mississippi,No,3844.0,3383,1669,26.0,47,7524,804,4916.0,3810.0,600,550,81.0,86.0,20.3,14,6971.0,53,9876,0.880072841,72.0,41.33152031,West,Medium,Public,Low
University of Missouri at Columbia,No,6574.0,4637,2940,32.0,62,14782,1583,9057.0,3485.0,600,1983,87.0,87.0,12.7,15,10145.0,58,15125,0.705354427,76.0,42.19547417,Midwest,Large,Private,Low
University of Missouri at Rolla,No,-120.0,1826,823,49.0,77,3926,561,9057.0,3600.0,700,1435,88.0,88.0,14.4,23,9699.0,49,14792,-15.21666667,80.2,40.59557425,Midwest,Medium,Public,Low
University of Missouri at Saint Louis,No,1618.0,1141,479,18.0,54,4793,4552,7246.0,3964.0,500,4288,71.0,73.0,13.6,15,6433.0,48,15998,0.705191595,61.2,33.12517345,West,Medium,Private,Low
University of Mobile,Yes,452.0,331,269,17.0,54,1417,301,6150.0,3680.0,550,1200,59.0,63.0,16.6,4,5412.0,52,11580,0.732300885,52.2,34.73915735,West,Small,Private,Low
University of Montevallo,No,1351.0,892,570,18.0,78,2385,331,4440.0,3030.0,300,600,72.0,72.0,18.9,8,5883.0,51,8370,0.660251665,61.2,49.21992554,Midwest,Medium,Private,Low
University of Nebraska at Lincoln,No,6277.0,6003,3526,33.0,63,16454,3171,5595.0,3145.0,500,2070,86.0,92.0,15.1,48,6813.0,53,11310,0.956348574,77.8,39.07118825,South,Large,Private,Low
University of New England,Yes,1209.0,750,265,19.0,54,820,159,9998.0,5045.0,900,2500,72.0,75.0,11.4,13,9718.0,64,8445,0.620347395,62.6,41.20259227,West,Small,Public,Medium
University of New Hampshire,No,9750.0,7640,2529,24.0,62,10358,1338,11180.0,3862.0,650,2450,89.0,87.0,17.5,16,7855.0,75,18142,0.783589744,75.2,49.02868119,West,Large,Public,Medium
University of North Carolina at Asheville,No,1757.0,979,394,32.0,74,2033,1078,5972.0,3420.0,600,750,77.0,83.0,13.0,11,7011.0,37,10742,0.557199772,70.4,21.18660043,Northeast,Medium,Private,Low
University of North Carolina at Chapel Hill,No,14596.0,5985,3331,75.0,92,14609,1100,8400.0,4200.0,550,1200,88.0,93.0,8.9,23,15893.0,83,14350,0.410043848,87.4,62.78284678,South,Large,Private,High
University of North Carolina at Charlotte,No,5803.0,4441,1730,19.0,62,10099,3255,7248.0,3109.0,600,1900,79.0,91.0,16.8,7,6227.0,62,12857,0.765293814,71.8,41.57811354,Northeast,Large,Public,Medium
University of North Carolina at Greensboro,No,5191.0,4134,1500,15.0,44,7532,1847,8677.0,3505.0,600,1300,75.0,94.0,15.5,17,7392.0,53,14082,0.796378347,70.6,37.73681238,West,Medium,Public,Low
University of North Carolina at Wilmington,No,6071.0,3856,1449,23.0,67,6635,1145,7558.0,3680.0,500,15000,82.0,85.0,19.1,15,6005.0,55,26738,0.635150717,71.4,38.18245663,Northeast,Medium,Private,Low
University of North Dakota,No,2777.0,2249,1652,20.0,54,8334,1435,5634.0,2703.0,450,1200,97.0,97.0,15.9,16,9424.0,49,9987,0.809866763,81.6,37.95746204,West,Large,Private,Low
University of North Florida,No,1800.0,1253,560,44.0,85,3876,3588,6634.0,4360.0,600,2604,82.0,85.0,17.8,14,6104.0,47,14198,0.696111111,75.6,28.66627954,Northeast,Medium,Public,Low
University of North Texas,No,4418.0,2737,2049,23.0,51,14047,5134,4104.0,3579.0,450,1700,86.0,94.0,22.6,6,5657.0,35,9833,0.619511091,76.6,19.12213857,Midwest,Large,Public,Low
University of Northern Colorado,No,5530.0,4007,1697,12.0,37,8463,1498,7731.0,4200.0,540,2286,75.0,75.0,21.5,8,6309.0,40,10557,0.724593128,62.4,29.12148654,Northeast,Large,Religious,Low
University of Northern Iowa,No,4144.0,3379,1853,18.0,52,10135,1448,6197.0,2930.0,595,2380,78.0,82.0,16.3,26,6333.0,77,12102,0.815395753,67.6,56.90479642,West,Large,Public,High
University of Notre Dame,Yes,7700.0,3700,1906,23.0,96,7671,30,9998.0,4400.0,600,1350,96.0,92.0,13.6,46,13936.0,97,6350,0.480519481,79.8,69.56266157,Midwest,Medium,Religious,Elite
University of Oklahoma,No,4743.0,3970,2233,32.0,63,13436,2582,5173.0,3526.0,765,3176,180.0,90.0,11.5,11,10244.0,44,12640,0.837022981,114.4,26.75273135,South,Large,Public,Low
University of Oregon,No,8631.0,6732,2546,25.0,61,11669,1605,10602.0,3660.0,570,1530,79.0,87.0,19.7,13,8020.0,54,16362,0.779979145,71.4,41.18742421,Northeast,Large,Private,Low
University of Pennsylvania,Yes,12394.0,5232,2464,85.0,100,9205,531,17020.0,7270.0,500,1544,75.0,96.0,6.3,38,25765.0,93,26334,0.422139745,85.4,61.38069536,Midwest,Large,Public,Elite
University of Pittsburgh-Main Campus,No,8586.0,6383,2503,25.0,59,13138,4289,10786.0,4560.0,400,900,93.0,93.0,7.8,10,13789.0,66,16646,0.74341952,79.4,43.59230678,West,Large,Public,Medium
University of Portland,Yes,1758.0,1485,419,27.0,58,2041,174,12040.0,4100.0,600,1100,92.0,96.0,13.2,17,9060.0,72,17840,0.844709898,80.6,45.68023238,West,Medium,Religious,Medium
University of Puget Sound,Yes,1549.0,2826,688,51.0,83,2738,138,16230.0,4500.0,630,1800,79.0,86.0,15.0,17,11217.0,63,23160,0.779156328,76.2,50.60579174,Northeast,Medium,Private,Medium
University of Rhode Island,No,9643.0,7751,1968,12.0,40,8894,2456,10330.0,5558.0,500,1250,84.0,89.0,16.6,7,9158.0,63,17638,0.803795499,71.6,47.26710771,Midwest,Large,Religious,Medium
University of Richmond,Yes,5892.0,2718,756,46.0,72,2854,594,14500.0,3285.0,700,1125,75.0,89.0,11.7,32,11984.0,100,19610,0.461303462,74.8,73.02496688,Midwest,Medium,Public,Elite
University of Rochester,Yes,8766.0,5498,1243,56.0,75,5071,438,17840.0,6582.0,500,882,93.0,99.0,5.9,23,26037.0,80,25804,0.627195984,88.0,62.23605711,South,Medium,Religious,High
University of San Diego,Yes,3934.0,2735,886,40.0,70,3698,217,13600.0,4200.0,630,1820,93.0,96.0,15.6,13,10813.0,66,16050,0.695221149,83.6,60.26324624,South,Medium,Religious,Medium
University of San Francisco,Yes,2306.0,1721,538,23.0,48,4309,549,13226.0,4200.0,750,2450,86.0,86.0,13.6,8,10074.0,62,16426,0.746313964,73.4,34.85386948,Northeast,Medium,Private,Medium
University of Sci. and Arts of Oklahoma,No,285.0,280,208,21.0,43,1140,473,9998.0,1920.0,600,1800,67.0,77.0,23.6,3,3864.0,43,4320,0.98245614,61.8,26.4081171,West,Small,Public,Low
University of Scranton,Yes,4471.0,2942,910,29.0,60,3674,493,11584.0,5986.0,650,800,83.0,83.0,14.1,41,9131.0,92,19020,0.65801834,72.2,61.31912458,Northeast,Medium,Private,Elite
University of South Carolina at Aiken,No,848.0,560,377,14.0,24,1855,1412,5800.0,4200.0,500,1500,75.0,62.0,14.8,3,5035.0,48,7800,0.660377358,57.6,29.34590189,Midwest,Small,Private,Low
University of South Carolina at Columbia,No,7693.0,5815,2328,30.0,66,12594,3661,8074.0,3522.0,495,2941,84.0,88.0,16.9,18,8246.0,63,15032,0.755881971,74.8,38.71208376,West,Large,Religious,Medium
University of South Florida,No,7589.0,4676,1876,29.0,63,14770,10962,6760.0,3776.0,500,2180,84.0,89.0,17.0,7,11020.0,47,13216,0.616154961,75.0,31.40173468,South,Large,Public,Low
University of Southern California,Yes,12229.0,8498,2477,23.0,71,13259,1429,17230.0,6482.0,600,2210,90.0,94.0,13.6,10,17007.0,68,26522,0.694905552,78.2,41.51698142,Midwest,Large,Public,Medium
University of Southern Colorado,No,1401.0,1239,605,10.0,34,3716,675,7100.0,4200.0,540,2948,63.0,88.0,19.4,0,5389.0,36,10588,0.884368308,62.4,26.87521184,West,Medium,Public,Low
University of Southern Indiana,No,2379.0,2133,1292,8.0,25,4283,2973,4973.0,3192.0,500,1425,56.0,65.0,22.0,21,4078.0,38,10090,0.896595208,50.0,26.85849161,Midwest,Medium,Private,Low
University of Southern Mississippi,No,2850.0,2044,1046,20.0,50,9260,1387,4652.0,2470.0,500,500,78.0,99.0,18.7,23,5917.0,45,8122,0.717192982,74.8,33.90514332,South,Large,Religious,Low
University of St. Thomas MN,Yes,2057.0,1807,828,26.0,53,4106,982,11712.0,4037.0,500,800,80.0,80.0,13.8,13,8546.0,89,17049,0.878463782,69.2,64.83864226,Northeast,Medium,Public,High
University of St. Thomas TX,Yes,374.0,280,185,45.0,77,995,408,8550.0,4200.0,500,1344,75.0,75.0,12.6,17,7237.0,62,10394,0.748663102,69.0,46.41503427,Northeast,Small,Private,Medium
University of Tennessee at Knoxville,No,7473.0,5372,3013,27.0,53,15749,3237,5764.0,3262.0,750,3300,86.0,92.0,16.5,22,8612.0,53,13076,0.718854543,76.6,35.23295532,Midwest,Large,Religious,Low
University of Texas at Arlington,No,3281.0,2559,1448,19.0,43,10975,8431,4422.0,2780.0,500,2850,73.0,73.0,21.0,4,4696.0,29,10552,0.779945139,62.2,30.90571701,South,Large,Public,Low
University of Texas at Austin,No,14752.0,9572,5329,48.0,85,30017,5189,5130.0,3309.0,650,3140,91.0,99.0,19.7,11,7837.0,65,12229,0.648861171,85.6,46.67215558,West,Large,Public,Medium
University of Texas at San Antonio,No,4217.0,3100,1686,17.0,46,9375,5457,4104.0,5376.0,452,1200,94.0,100.0,25.3,3,4329.0,50,11132,0.735119753,81.0,25.68757624,Midwest,Large,Private,Low
University of the Arts,Yes,1549.0,704,290,5.0,22,1145,39,12520.0,3860.0,1300,700,16.0,59.0,7.5,9,11641.0,57,18380,0.779156328,31.0,34.88812127,West,Small,Private,Low
University of the Pacific,Yes,2459.0,1997,582,36.0,66,2664,299,16320.0,5326.0,646,1171,87.0,94.0,11.2,14,13706.0,65,23463,0.812118747,79.6,36.79748505,South,Medium,Public,Medium
University of the South,Yes,1445.0,966,326,46.0,83,1129,24,15350.0,4080.0,450,810,89.0,93.0,10.3,52,18784.0,82,20690,0.668512111,82.0,57.48667315,Northeast,Small,Private,High
University of Tulsa,Yes,1712.0,1557,696,41.0,68,2936,433,11750.0,4160.0,1200,2350,94.0,96.0,11.5,10,11743.0,47,19460,0.909462617,84.2,32.29097388,South,Medium,Private,Low
University of Utah,No,5095.0,4491,2400,27.0,53,13894,8374,6857.0,3975.0,858,3093,89.0,93.0,12.8,9,9275.0,37,14783,0.881452404,78.2,23.55787151,South,Large,Religious,Low
University of Vermont,No,7663.0,6008,1735,18.0,51,7353,1674,15516.0,4928.0,500,990,87.0,90.0,9.9,10,12646.0,79,21934,0.784027143,74.4,65.35463056,Midwest,Medium,Religious,High
University of Virginia,No,15849.0,5384,2678,74.0,95,11278,114,12212.0,3792.0,500,1000,75.0,92.0,13.6,22,13597.0,95,17504,0.339705975,81.6,69.24491437,Midwest,Large,Private,Elite
University of Washington,No,12749.0,7025,3343,40.0,81,20356,4582,8199.0,4218.0,708,2172,96.0,94.0,9.0,10,16527.0,65,15297,0.55102361,84.0,49.13049181,Midwest,Large,Private,Medium
University of West Florida,No,1558.0,1254,472,20.0,57,3754,2477,6172.0,4200.0,541,1387,83.0,87.0,23.4,12,8488.0,53,8100,0.804878049,72.0,32.44463256,South,Medium,Public,Low
University of Wisconsin-Stout,No,2593.0,1966,1030,9.0,32,6038,579,6704.0,2592.0,376,1750,78.0,78.0,21.0,17,6254.0,65,11422,0.758195141,64.2,40.50427554,South,Medium,Private,Medium
University of Wisconsin-Superior,No,910.0,910,342,14.0,53,1434,417,9998.0,2780.0,550,1960,75.0,81.0,15.2,15,6490.0,36,5290,1.0,65.2,25.3840275,Midwest,Small,Public,Low
University of Wisconsin-Whitewater,No,4400.0,3719,1472,12.0,38,7804,1552,6950.0,2500.0,300,1200,90.0,95.0,23.1,16,5559.0,67,10950,0.845227273,76.4,47.7650357,Midwest,Medium,Private,Medium
University of Wisconsin at Green Bay,No,2409.0,1939,759,17.0,50,3819,1347,6900.0,2800.0,475,1200,81.0,89.0,22.2,1,5968.0,46,11375,0.804898298,71.4,22.91844216,Midwest,Medium,Public,Low
University of Wisconsin at Madison,No,14901.0,10932,4631,36.0,80,23945,2200,9096.0,4200.0,535,1545,93.0,96.0,11.5,20,11006.0,72,11176,0.733642037,82.8,49.49846489,Midwest,Large,Private,Medium
University of Wisconsin at Milwaukee,No,5244.0,3782,1930,12.0,37,11561,7443,8786.0,2964.0,570,1980,79.0,87.0,15.9,8,8094.0,38,14300,0.721205187,68.8,26.67036041,Midwest,Large,Public,Low
University of Wyoming,No,2029.0,1516,1073,23.0,46,7535,1488,5988.0,4200.0,600,1500,91.0,94.0,15.1,13,8745.0,45,8088,0.747166092,78.6,30.42425417,Midwest,Medium,Public,Low
Upper Iowa University,Yes,663.0,452,192,10.0,35,1481,1160,8840.0,3060.0,500,1000,69.0,75.0,17.4,19,3733.0,78,13400,0.681749623,59.6,50.53304794,South,Small,Public,High
Ursinus College,Yes,1399.0,1026,308,44.0,77,1131,17,9998.0,4200.0,500,800,75.0,82.0,11.6,40,8415.0,79,21360,0.733380986,75.6,52.60232409,Northeast,Small,Private,High
Ursuline College,Yes,325.0,260,86,21.0,47,699,717,9600.0,4200.0,450,750,39.0,69.0,10.5,15,7164.0,68,10800,0.8,47.4,46.71570403,South,Small,Private,Medium
Valley City State University,No,368.0,344,212,5.0,27,863,189,4286.0,2570.0,600,2000,39.0,41.0,14.9,25,4958.0,40,9456,0.934782609,33.0,28.45400012,Northeast,Small,Public,Low
Valparaiso University,Yes,1549.0,1727,520,49.0,81,2501,198,11800.0,3260.0,500,800,87.0,89.0,14.2,23,9681.0,95,16360,0.779156328,80.2,69.52395791,Midwest,Medium,Religious,Elite
Vanderbilt University,Yes,7791.0,4690,1499,71.0,92,5500,90,17865.0,6525.0,630,952,180.0,98.0,5.8,26,23850.0,83,25972,0.60197664,125.4,63.50428102,West,Medium,Religious,High
Vassar College,Yes,3550.0,1877,653,53.0,87,2164,77,18920.0,5950.0,600,800,90.0,98.0,9.7,39,17089.0,90,26270,0.528732394,85.8,61.52826138,West,Medium,Public,High
Villanova University,Yes,7759.0,5588,1477,30.0,68,6362,1292,9998.0,6507.0,400,300,89.0,90.0,13.4,24,10458.0,96,7207,0.720195902,77.6,64.91921902,South,Medium,Private,Elite
Virginia Commonwealth University,No,4963.0,3497,1567,18.0,45,10262,5065,9998.0,4200.0,500,3630,75.0,82.0,8.7,11,8415.0,45,18529,0.704614145,70.8,33.68827837,South,Large,Public,Low
Virginia State University,No,2996.0,2440,704,2.0,30,3006,338,5587.0,4845.0,500,600,75.0,63.0,16.0,11,5733.0,31,11532,0.814419226,55.6,24.75422458,Northeast,Medium,Public,Low
Virginia Tech,No,15712.0,11719,4277,29.0,53,18511,604,10260.0,3176.0,740,2200,85.0,89.0,13.8,20,8944.0,73,16376,0.745863035,75.4,48.92899783,Midwest,Large,Private,Medium
Virginia Union University,Yes,1847.0,1610,453,19.0,59,1298,67,7384.0,3494.0,500,1763,75.0,67.0,13.7,8,6757.0,30,13141,0.871683812,60.6,24.95196738,South,Small,Public,Low
Virginia Wesleyan College,Yes,1470.0,900,287,20.0,49,1130,417,10900.0,5100.0,500,550,75.0,81.0,15.7,14,7804.0,68,17050,0.612244898,66.4,52.49792671,West,Small,Religious,Medium
Viterbo College,Yes,647.0,518,271,17.0,43,1014,387,9140.0,3365.0,500,2245,51.0,65.0,13.6,31,8050.0,73,15250,0.800618238,49.8,57.55843233,South,Small,Religious,Medium
Voorhees College,Yes,1465.0,1006,188,10.0,30,703,20,4450.0,2522.0,500,1200,43.0,43.0,22.9,3,5861.0,58,8672,0.68668942,36.4,49.49160453,West,Small,Private,Low
Wabash College,Yes,800.0,623,256,41.0,76,801,5,12925.0,4195.0,500,635,78.0,85.0,9.9,55,14904.0,72,18255,0.77875,73.4,46.06791931,Midwest,Small,Private,Medium
Wagner College,Yes,1416.0,1015,417,10.0,44,1324,117,13500.0,5800.0,585,20000,67.0,78.0,13.2,23,9006.0,75,39885,0.71680791,60.0,52.56949105,Northeast,Small,Private,Medium
Wake Forest University,Yes,5661.0,2392,903,75.0,88,3499,172,13850.0,4360.0,500,1250,95.0,97.0,4.3,37,41766.0,89,19960,0.422540187,91.8,62.35638848,Northeast,Medium,Religious,High
Walsh University,Yes,1092.0,890,477,27.0,92,847,497,8670.0,4180.0,500,1450,42.0,58.0,11.3,33,5738.0,68,14800,0.815018315,45.4,47.10963216,South,Small,Public,Medium
Warren Wilson College,Yes,440.0,311,112,25.0,49,466,7,10000.0,3052.0,400,1100,65.0,75.0,11.4,20,9430.0,63,14552,0.706818182,61.0,40.8536854,South,Small,Public,Medium
Wartburg College,Yes,1231.0,1074,345,34.0,66,1295,105,11600.0,3610.0,400,850,66.0,91.0,12.4,37,7735.0,67,16460,0.872461413,69.6,39.47218998,Midwest,Small,Private,Medium
Washington and Jefferson College,Yes,1305.0,1100,334,42.0,64,1098,151,16260.0,4005.0,300,500,91.0,91.0,12.1,40,10162.0,86,21065,0.842911877,81.2,60.66339723,West,Small,Public,High
Washington and Lee University,Yes,3315.0,1096,425,68.0,93,1584,3,13750.0,4619.0,680,1115,81.0,96.0,9.6,45,15736.0,90,20164,0.330618401,84.4,59.1582217,South,Small,Public,High
Washington College,Yes,1209.0,942,214,31.0,60,822,46,15276.0,5318.0,500,300,79.0,86.0,11.2,37,10830.0,65,21394,0.779156328,72.2,45.9299674,Midwest,Small,Public,Medium
Washington State University,No,6540.0,5839,2440,31.0,70,14445,1344,8200.0,4200.0,800,2719,84.0,87.0,16.9,30,200000.0,56,11719,0.892813456,74.6,35.22978229,Northeast,Large,Private,Low
Washington University,Yes,7654.0,5259,1254,62.0,93,4879,1274,18350.0,5775.0,768,1512,91.0,98.0,13.6,31,45702.0,90,26405,0.687091717,88.0,57.50170827,South,Medium,Public,High
Wayne State College,No,1373.0,1373,724,6.0,21,2754,474,2700.0,2660.0,540,1660,60.0,68.0,20.3,29,4550.0,52,7560,1.0,52.4,37.5714918,South,Medium,Public,Low
Waynesburg College,Yes,1190.0,978,324,12.0,30,1280,61,8840.0,3620.0,500,1200,57.0,58.0,16.2,26,6563.0,63,14160,0.821848739,48.4,44.85460763,Northeast,Small,Public,Medium
Webber College,Yes,280.0,143,79,5.0,27,327,110,5590.0,2900.0,650,1952,53.0,63.0,15.1,4,4839.0,90,11092,0.510714286,47.4,65.89640986,Midwest,Small,Public,High
Webster University,Yes,1549.0,462,226,17.0,44,1739,1550,9160.0,4340.0,500,500,68.0,68.0,20.6,14,6951.0,48,14500,0.779156328,57.8,44.52931883,Midwest,Small,Religious,Low
Wellesley College,Yes,2895.0,1249,579,80.0,96,2195,156,18345.0,5995.0,500,700,94.0,98.0,10.6,51,21409.0,91,25540,0.431433506,92.8,65.08644766,South,Medium,Public,Elite
Wells College,Yes,318.0,240,130,40.0,85,416,19,14900.0,5550.0,600,500,93.0,98.0,8.3,42,13935.0,69,21550,0.754716981,84.4,50.72540884,Northeast,Small,Private,Medium
Wentworth Institute of Technology,Yes,1480.0,1257,452,6.0,25,2961,572,9850.0,4200.0,850,920,10.0,68.0,15.4,8,17858.0,64,11620,0.849324324,32.4,39.41219336,West,Medium,Private,Medium
Wesley College,Yes,980.0,807,350,10.0,25,872,448,9890.0,4674.0,500,1350,52.0,57.0,14.4,15,6243.0,84,16414,0.823469388,45.6,52.3654628,Midwest,Small,Public,High
Wesleyan University,Yes,4772.0,1973,712,60.0,86,2714,27,19130.0,5600.0,1400,1400,90.0,94.0,12.1,39,16262.0,92,27530,0.413453479,85.6,72.31414723,Midwest,Medium,Private,Elite
West Chester University of Penn.,No,6502.0,3539,1372,11.0,51,7484,1904,9998.0,4200.0,400,2000,75.0,82.0,15.3,16,8415.0,52,14352,0.544294063,64.2,31.7826011,Northeast,Medium,Private,Low
West Liberty State College,No,1164.0,1062,478,12.0,25,2138,227,4470.0,4200.0,600,1210,33.0,33.0,16.3,10,4249.0,60,6280,0.912371134,28.8,36.78027964,West,Medium,Private,Low
West Virginia Wesleyan College,Yes,1566.0,1400,483,28.0,55,1509,170,14200.0,3775.0,450,1100,58.0,81.0,13.6,42,8080.0,67,19525,0.893997446,61.2,46.70450539,Northeast,Small,Public,Medium
Western Carolina University,No,3224.0,2519,1057,11.0,31,5000,706,6390.0,2380.0,110,1622,67.0,78.0,14.6,9,6554.0,55,10502,0.781327543,60.2,38.04903793,West,Medium,Public,Low
Western Maryland College,Yes,1205.0,984,278,31.0,50,1071,98,14510.0,5340.0,500,1400,84.0,91.0,12.5,39,10026.0,60,21750,0.81659751,76.2,37.48746747,Midwest,Small,Religious,Low
Western Michigan University,No,9167.0,7191,2738,24.0,53,15739,4278,9998.0,4100.0,500,1700,80.0,84.0,24.7,11,5983.0,55,6300,0.784444202,70.4,36.97513391,West,Large,Private,Low
Western New England College,Yes,1650.0,1471,409,7.0,21,1803,1116,8994.0,5500.0,498,2065,74.0,97.0,15.4,15,8409.0,59,17057,0.891515152,69.8,47.44687859,Northeast,Small,Religious,Low
Western State College of Colorado,No,2702.0,1623,604,7.0,24,2315,146,5918.0,4200.0,500,2050,76.0,79.0,19.4,4,4599.0,52,8468,0.600666173,63.4,32.37003196,Northeast,Medium,Religious,Low
Western Washington University,No,5548.0,3563,1549,30.0,71,8909,506,8124.0,4144.0,639,2385,75.0,89.0,22.7,10,7203.0,61,15292,0.64221341,71.6,35.73163758,West,Large,Public,Medium
Westfield State College,No,3100.0,2150,825,3.0,20,3234,941,5542.0,3788.0,500,1300,75.0,79.0,15.7,20,4222.0,65,11130,0.693548387,62.2,50.2129681,West,Medium,Private,Medium
Westminster College MO,Yes,662.0,553,184,20.0,43,665,37,10720.0,4050.0,600,1650,66.0,70.0,12.5,20,7925.0,62,17020,0.835347432,58.4,45.86148456,South,Small,Private,Medium
Westminster College,Yes,996.0,866,377,29.0,58,1411,72,12065.0,3615.0,430,685,62.0,78.0,12.5,41,8596.0,80,16795,0.869477912,61.8,52.8974069,Northeast,Small,Private,High
Westminster College of Salt Lake City,Yes,917.0,720,213,21.0,60,979,743,8820.0,4050.0,600,2025,68.0,83.0,10.5,34,7170.0,50,15495,0.785169029,64.6,27.08916492,West,Small,Public,Low
Westmont College,No,950.0,713,351,23.0,72,1276,9,14320.0,5304.0,490,1410,77.0,77.0,14.9,17,8837.0,87,21524,0.750526316,66.2,57.17688322,Midwest,Small,Public,High
Wheaton College IL,Yes,1549.0,920,548,56.0,84,2200,56,11480.0,4200.0,530,1400,81.0,83.0,12.7,40,11916.0,85,17610,0.779156328,76.8,59.22647782,West,Medium,Private,High
Westminster College PA,Yes,1738.0,1373,417,21.0,55,1335,30,18460.0,5970.0,700,850,92.0,96.0,13.2,41,22704.0,71,25980,0.789988493,79.4,55.52836045,West,Small,Private,Medium
Wheeling Jesuit College,Yes,903.0,755,213,15.0,49,971,305,10500.0,4545.0,600,600,66.0,71.0,14.1,27,7494.0,72,16245,0.836101883,57.8,45.21709013,West,Small,Private,Medium
Whitman College,Yes,1861.0,998,359,45.0,77,1220,46,16670.0,4900.0,750,800,80.0,83.0,10.5,51,13198.0,72,23120,0.536270822,74.2,49.97740059,South,Small,Public,Medium
Whittier College,Yes,1681.0,1069,344,35.0,63,1235,30,16249.0,5699.0,500,1998,84.0,92.0,13.6,29,11778.0,52,24446,0.635930993,77.4,39.7757233,South,Small,Public,Low
Whitworth College,Yes,1121.0,926,372,43.0,70,1270,160,12660.0,4500.0,678,2424,80.0,80.0,16.9,20,8328.0,80,20262,0.826048171,72.6,44.0936633,South,Small,Religious,High
Widener University,Yes,2139.0,1492,502,24.0,64,2186,2171,12350.0,5370.0,500,1350,88.0,86.0,12.6,19,9603.0,63,19570,0.697522207,74.4,49.26893084,Northeast,Medium,Public,Medium
Wilkes University,Yes,1631.0,1431,434,15.0,36,1803,603,11150.0,5130.0,550,1260,78.0,92.0,13.3,24,8543.0,67,18090,0.877375843,71.0,40.98774714,Midwest,Small,Public,Medium
Willamette University,Yes,1658.0,1327,395,49.0,80,1595,159,14800.0,4620.0,400,790,91.0,94.0,13.3,37,10779.0,68,20610,0.800361882,83.8,49.25997747,South,Small,Private,Medium
William Jewell College,Yes,663.0,547,315,32.0,67,1279,75,10060.0,2970.0,500,2600,74.0,80.0,11.2,19,7885.0,59,16130,0.825037707,68.0,42.53341575,West,Small,Public,Low
William Woods University,Yes,469.0,435,227,17.0,39,851,120,10535.0,4365.0,550,3700,39.0,66.0,12.9,16,7438.0,52,19150,0.92750533,45.4,41.82293196,South,Small,Private,Low
Williams College,Yes,4186.0,1245,526,81.0,96,1988,29,19629.0,5790.0,500,1200,94.0,99.0,9.0,64,22014.0,99,27119,0.297419971,93.4,72.0546219,South,Small,Public,Elite
Wilson College,Yes,167.0,130,46,16.0,50,199,676,11428.0,4200.0,450,475,67.0,76.0,8.3,43,10291.0,67,12353,0.778443114,60.4,35.01354754,Northeast,Small,Private,Medium
Wingate College,Yes,1239.0,1017,383,10.0,34,1207,157,7820.0,3400.0,550,1550,69.0,81.0,13.9,8,7264.0,91,13320,0.820823245,62.0,59.77610376,Midwest,Small,Religious,Elite
Winona State University,No,3325.0,2047,1301,20.0,45,5800,872,4200.0,2700.0,300,1200,75.0,60.0,20.2,18,5318.0,58,8400,0.615639098,58.0,41.29102565,South,Medium,Religious,Low
Winthrop University,No,2320.0,1805,769,23.0,61,3395,670,6400.0,3392.0,580,2150,71.0,80.0,12.8,26,6729.0,59,12522,0.778017241,65.0,40.32510057,West,Medium,Private,Low
Wisconsin Lutheran College,Yes,152.0,128,75,17.0,41,282,22,9998.0,4200.0,500,1400,75.0,82.0,8.5,26,8415.0,50,14700,0.842105263,41.8,37.38805365,Midwest,Small,Public,Low
Wittenberg University,Yes,1979.0,1739,575,42.0,68,1980,144,15948.0,4404.0,400,800,82.0,95.0,12.8,29,10414.0,78,21552,0.87872663,79.2,58.54683278,Northeast,Small,Private,High
Wofford College,Yes,1501.0,935,273,51.0,83,1059,34,12680.0,4150.0,605,1440,91.0,92.0,15.3,42,7875.0,75,18875,0.622918055,83.4,55.54225868,Midwest,Small,Private,Medium
Worcester Polytechnic Institute,Yes,2768.0,2314,682,49.0,86,2802,86,15884.0,5370.0,530,730,92.0,94.0,15.2,34,10774.0,82,22514,0.835982659,84.2,56.32862529,Northeast,Medium,Private,High
Worcester State College,No,2197.0,1515,543,23.0,26,3089,2029,6797.0,3900.0,500,1200,60.0,60.0,21.0,14,4469.0,40,12397,0.689576695,52.6,18.76831494,South,Medium,Private,Low
Xavier University,Yes,1959.0,1805,695,23.0,47,2849,1107,11520.0,4960.0,600,1250,73.0,75.0,13.3,31,9189.0,83,18330,0.921388464,63.8,55.82259376,South,Medium,Private,High
Xavier University of Louisiana,Yes,2097.0,1915,695,23.0,61,2793,166,6900.0,4200.0,617,781,67.0,75.0,14.4,20,8323.0,49,12498,0.913209347,61.4,36.38184074,West,Medium,Private,Low
Yale University,Yes,10705.0,2453,1317,95.0,99,5217,83,19840.0,6510.0,630,2115,96.0,96.0,5.8,49,40386.0,99,29095,0.229145259,95.8,63.84776374,West,Medium,Private,Elite
York College of Pennsylvania,Yes,2989.0,1855,691,28.0,63,2988,1726,4990.0,4200.0,500,1250,75.0,75.0,18.1,28,4509.0,99,6740,0.620608899,65.6,72.45637365,Northeast,Medium,Public,Elite
SUNY College at Fredonia,No,4877.0,2798,814,13.0,48,4123,298,6550.0,4200.0,620,1481,82.0,90.0,16.3,10,6442.0,66,8651,0.573713348,71.4,44.65488817,West,Medium,Private,Medium
Southeast Missouri State University,No,2281.0,1870,1408,18.0,43,6553,1246,4680.0,3540.0,200,2150,75.0,76.0,17.1,8,5916.0,45,10570,0.81981587,64.0,34.32576689,Northeast,Medium,Religious,Low
University of Cincinnati,No,6855.0,5553,2408,26.0,57,11036,2011,8907.0,4697.0,556,1851,89.0,95.0,10.8,6,13889.0,54,16011,0.810065646,78.8,44.8044093,Northeast,Large,Private,Low
Chestnut Hill College,Yes,342.0,254,126,25.0,64,518,232,10335.0,5015.0,700,850,71.0,71.0,8.3,29,7729.0,73,16900,0.742690058,61.8,57.89060548,South,Small,Private,Medium
Texas Wesleyan University,Yes,592.0,501,279,19.0,44,1204,392,6400.0,3484.0,600,1800,80.0,83.0,14.5,10,7936.0,43,12284,0.846283784,69.0,24.33162542,Midwest,Small,Private,Low
